Workbook

Sheet Leia-me
B2: Controle de Qualidade ANEC 73 x Pool — Motor de Calculo
B4: Estrutura da planilha
B5: Esta planilha tem duas camadas, ligadas por formula (nao ha nenhum valor digitado manualmente nos resultados):
B7: 1) ABAS NO LAYOUT ORIGINAL (azul-marinho na aba): MEDIA POOL, PROTEINA, UMIDADE, FIBRA, uma aba por
B8: cliente e Base Cobranca. Aparencia igual a planilha anterior, mas cada celula agora e formula — nada
B9: e mais digitado a mao, entao nao ha risco de referencia errada ou valor esquecido de um mes pro outro.
B11: 2) MOTOR DE CALCULO (amarelo/azul-claro na aba): DADOS, Parametros_ANEC73, Clientes, Media_Cliente_Mes,
B12: Media_Pool_Mes, Desconto_Cliente_Mes, Acerto_Detalhado, Resumo_Cliente_Mes. E onde a regra ANEC 73 x
B13: pool e calculada de fato, uma unica vez, para depois alimentar as abas do item 1. Se um dia quiser
B14: auditar um numero especifico, comece pela aba Desconto_Cliente_Mes (fica claro linha a linha o porque
B15: de cada desconto).
B17: Como usar todo mes
... B44: corrigido para nao gerar desconto fantasma sobre cliente que nao embarcou.

Sheet MEDIA POOL
A1: MEDIA POOL 48 (corrigida — lista de clientes ajustada, sem duplicidade)
A3: Jan | B3: Amaggi | C3: Brejeiro | D3: Caramuru | E3: Cargill | F3: Cofco | G3: 3Tentos | H3: Bunge | I3: ADM | J3: Aliança | K3: Olfar | L3: Novo06 | M3: Novo07 | N3: Media Pool
A4: Volume | B4: =IFERROR(SUMIFS(Media_Cliente_Mes!$C$2:$C$145,Media_Cliente_Mes!$A$2:$A$145,$B$3,Media_Cliente_Mes!$B$2:$B$145,$A3),0) -> 0 | C4: =IFERROR(SUMIFS(Media_Cliente_Mes!$C$2:$C$145,Media_Cliente_Mes!$A$2:$A$145,$C$3,Media_Cliente_Mes!$B$2:$B$145,$A3),0) -> 39842.6 | D4: =IFERROR(SUMIFS(Media_Cliente_Mes!$C$2:$C$145,Media_Cliente_Mes!$A$2:$A$145,$D$3,Media_Cliente_Mes!$B$2:$B$145,$A3),0) -> 18891.74 | E4: =IFERROR(SUMIFS(Media_Cliente_Mes!$C$2:$C$145,Media_Cliente_Mes!$A$2:$A$145,$E$3,Media_Cliente_Mes!$B$2:$B$145,$A3),0) -> 26334.33 | F4: =IFERROR(SUMIFS(Media_Cliente_Mes!$C$2:$C$145,Media_Cliente_Mes!$A$2:$A$145,$F$3,Media_Cliente_Mes!$B$2:$B$145,$A3),0) -> 58133.28 | G4: =IFERROR(SUMIFS(Media_Cliente_Mes!$C$2:$C$145,Media_Cliente_Mes!$A$2:$A$145,$G$3,Media_Cliente_Mes!$B$2:$B$145,$A3),0) -> 48560.63 | H4: =IFERROR(SUMIFS(Media_Cliente_Mes!$C$2:$C$145,Media_Cliente_Mes!$A$2:$A$145,$H$3,Media_Cliente_Mes!$B$2:$B$145,$A3),0) -> 72053.69 | I4: =IFERROR(SUMIFS(Media_Cliente_Mes!$C$2:$C$145,Media_Cliente_Mes!$A$2:$A$145,$I$3,Media_Cliente_Mes!$B$2:$B$145,$A3),0) -> 0 | J4: =IFERROR(SUMIFS(Media_Cliente_Mes!$C$2:$C$145,Media_Cliente_Mes!$A$2:$A$145,$J$3,Media_Cliente_Mes!$B$2:$B$145,$A3),0) -> 0 | K4: =IFERROR(SUMIFS(Media_Cliente_Mes!$C$2:$C$145,Media_Cliente_Mes!$A$2:$A$145,$K$3,Media_Cliente_Mes!$B$2:$B$145,$A3),0) -> 0 | L4: =IFERROR(SUMIFS(Media_Cliente_Mes!$C$2:$C$145,Media_Cliente_Mes!$A$2:$A$145,$L$3,Media_Cliente_Mes!$B$2:$B$145,$A3),0) -> 0 | M4: =IFERROR(SUMIFS(Media_Cliente_Mes!$C$2:$C$145,Media_Cliente_Mes!$A$2:$A$145,$M$3,Media_Cliente_Mes!$B$2:$B$145,$A3),0) -> 0 | N4: =SUM(B4:M4) -> 263816.27
A5: Proteina Bruta (%) | B5: =IFERROR(SUMIFS(Media_Cliente_Mes!$D$2:$D$145,Media_Cliente_Mes!$A$2:$A$145,$B$3,Media_Cliente_Mes!$B$2:$B$145,$A3),0) -> 0 | C5: =IFERROR(SUMIFS(Media_Cliente_Mes!$D$2:$D$145,Media_Cliente_Mes!$A$2:$A$145,$C$3,Media_Cliente_Mes!$B$2:$B$145,$A3),0) -> 48.328751 | D5: =IFERROR(SUMIFS(Media_Cliente_Mes!$D$2:$D$145,Media_Cliente_Mes!$A$2:$A$145,$D$3,Media_Cliente_Mes!$B$2:$B$145,$A3),0) -> 47.985938 | E5: =IFERROR(SUMIFS(Media_Cliente_Mes!$D$2:$D$145,Media_Cliente_Mes!$A$2:$A$145,$E$3,Media_Cliente_Mes!$B$2:$B$145,$A3),0) -> 47.805872 | F5: =IFERROR(SUMIFS(Media_Cliente_Mes!$D$2:$D$145,Media_Cliente_Mes!$A$2:$A$145,$F$3,Media_Cliente_Mes!$B$2:$B$145,$A3),0) -> 47.760801 | G5: =IFERROR(SUMIFS(Media_Cliente_Mes!$D$2:$D$145,Media_Cliente_Mes!$A$2:$A$145,$G$3,Media_Cliente_Mes!$B$2:$B$145,$A3),0) -> 47.568335 | H5: =IFERROR(SUMIFS(Media_Cliente_Mes!$D$2:$D$145,Media_Cliente_Mes!$A$2:$A$145,$H$3,Media_Cliente_Mes!$B$2:$B$145,$A3),0) -> 47.701003 | I5: =IFERROR(SUMIFS(Media_Cliente_Mes!$D$2:$D$145,Media_Cliente_Mes!$A$2:$A$145,$I$3,Media_Cliente_Mes!$B$2:$B$145,$A3),0) -> 0 | J5: =IFERROR(SUMIFS(Media_Cliente_Mes!$D$2:$D$145,Media_Cliente_Mes!$A$2:$A$145,$J$3,Media_Cliente_Mes!$B$2:$B$145,$A3),0) -> 0 | K5: =IFERROR(SUMIFS(Media_Cliente_Mes!$D$2:$D$145,Media_Cliente_Mes!$A$2:$A$145,$K$3,Media_Cliente_Mes!$B$2:$B$145,$A3),0) -> 0 | L5: =IFERROR(SUMIFS(Media_Cliente_Mes!$D$2:$D$145,Media_Cliente_Mes!$A$2:$A$145,$L$3,Media_Cliente_Mes!$B$2:$B$145,$A3),0) -> 0 | M5: =IFERROR(SUMIFS(Media_Cliente_Mes!$D$2:$D$145,Media_Cliente_Mes!$A$2:$A$145,$M$3,Media_Cliente_Mes!$B$2:$B$145,$A3),0) -> 0 | N5: =IFERROR(SUMPRODUCT(B4:M4,B5:M5)/SUM(B4:M4),0) -> 47.815437
A6: Umidade (%) | B6: =IFERROR(SUMIFS(Media_Cliente_Mes!$E$2:$E$145,Media_Cliente_Mes!$A$2:$A$145,$B$3,Media_Cliente_Mes!$B$2:$B$145,$A3),0) -> 0 | C6: =IFERROR(SUMIFS(Media_Cliente_Mes!$E$2:$E$145,Media_Cliente_Mes!$A$2:$A$145,$C$3,Media_Cliente_Mes!$B$2:$B$145,$A3),0) -> 11.618067 | D6: =IFERROR(SUMIFS(Media_Cliente_Mes!$E$2:$E$145,Media_Cliente_Mes!$A$2:$A$145,$D$3,Media_Cliente_Mes!$B$2:$B$145,$A3),0) -> 12.416467 | E6: =IFERROR(SUMIFS(Media_Cliente_Mes!$E$2:$E$145,Media_Cliente_Mes!$A$2:$A$145,$E$3,Media_Cliente_Mes!$B$2:$B$145,$A3),0) -> 12.110898 | F6: =IFERROR(SUMIFS(Media_Cliente_Mes!$E$2:$E$145,Media_Cliente_Mes!$A$2:$A$145,$F$3,Media_Cliente_Mes!$B$2:$B$145,$A3),0) -> 12.0884 | G6: =IFERROR(SUMIFS(Media_Cliente_Mes!$E$2:$E$145,Media_Cliente_Mes!$A$2:$A$145,$G$3,Media_Cliente_Mes!$B$2:$B$145,$A3),0) -> 12.20746 | H6: =IFERROR(SUMIFS(Media_Cliente_Mes!$E$2:$E$145,Media_Cliente_Mes!$A$2:$A$145,$H$3,Media_Cliente_Mes!$B$2:$B$145,$A3),0) -> 12.131259 | I6: =IFERROR(SUMIFS(Media_Cliente_Mes!$E$2:$E$145,Media_Cliente_Mes!$A$2:$A$145,$I$3,Media_Cliente_Mes!$B$2:$B$145,$A3),0) -> 0 | J6: =IFERROR(SUMIFS(Media_Cliente_Mes!$E$2:$E$145,Media_Cliente_Mes!$A$2:$A$145,$J$3,Media_Cliente_Mes!$B$2:$B$145,$A3),0) -> 0 | K6: =IFERROR(SUMIFS(Media_Cliente_Mes!$E$2:$E$145,Media_Cliente_Mes!$A$2:$A$145,$K$3,Media_Cliente_Mes!$B$2:$B$145,$A3),0) -> 0 | L6: =IFERROR(SUMIFS(Media_Cliente_Mes!$E$2:$E$145,Media_Cliente_Mes!$A$2:$A$145,$L$3,Media_Cliente_Mes!$B$2:$B$145,$A3),0) -> 0 | M6: =IFERROR(SUMIFS(Media_Cliente_Mes!$E$2:$E$145,Media_Cliente_Mes!$A$2:$A$145,$M$3,Media_Cliente_Mes!$B$2:$B$145,$A3),0) -> 0 | N6: =IFERROR(SUMPRODUCT(B4:M4,B6:M6)/SUM(B4:M4),0) -> 12.076728
A7: Fibra (%) | B7: =IFERROR(SUMIFS(Media_Cliente_Mes!$F$2:$F$145,Media_Cliente_Mes!$A$2:$A$145,$B$3,Media_Cliente_Mes!$B$2:$B$145,$A3),0) -> 0 | C7: =IFERROR(SUMIFS(Media_Cliente_Mes!$F$2:$F$145,Media_Cliente_Mes!$A$2:$A$145,$C$3,Media_Cliente_Mes!$B$2:$B$145,$A3),0) -> 3.1245148 | D7: =IFERROR(SUMIFS(Media_Cliente_Mes!$F$2:$F$145,Media_Cliente_Mes!$A$2:$A$145,$D$3,Media_Cliente_Mes!$B$2:$B$145,$A3),0) -> 3.3765405 | E7: =IFERROR(SUMIFS(Media_Cliente_Mes!$F$2:$F$145,Media_Cliente_Mes!$A$2:$A$145,$E$3,Media_Cliente_Mes!$B$2:$B$145,$A3),0) -> 3.5983696 | F7: =IFERROR(SUMIFS(Media_Cliente_Mes!$F$2:$F$145,Media_Cliente_Mes!$A$2:$A$145,$F$3,Media_Cliente_Mes!$B$2:$B$145,$A3),0) -> 3.5153253 | G7: =IFERROR(SUMIFS(Media_Cliente_Mes!$F$2:$F$145,Media_Cliente_Mes!$A$2:$A$145,$G$3,Media_Cliente_Mes!$B$2:$B$145,$A3),0) -> 3.6238922 | H7: =IFERROR(SUMIFS(Media_Cliente_Mes!$F$2:$F$145,Media_Cliente_Mes!$A$2:$A$145,$H$3,Media_Cliente_Mes!$B$2:$B$145,$A3),0) -> 3.6723482 | I7: =IFERROR(SUMIFS(Media_Cliente_Mes!$F$2:$F$145,Media_Cliente_Mes!$A$2:$A$145,$I$3,Media_Cliente_Mes!$B$2:$B$145,$A3),0) -> 0 | J7: =IFERROR(SUMIFS(Media_Cliente_Mes!$F$2:$F$145,Media_Cliente_Mes!$A$2:$A$145,$J$3,Media_Cliente_Mes!$B$2:$B$145,$A3),0) -> 0 | K7: =IFERROR(SUMIFS(Media_Cliente_Mes!$F$2:$F$145,Media_Cliente_Mes!$A$2:$A$145,$K$3,Media_Cliente_Mes!$B$2:$B$145,$A3),0) -> 0 | L7: =IFERROR(SUMIFS(Media_Cliente_Mes!$F$2:$F$145,Media_Cliente_Mes!$A$2:$A$145,$L$3,Media_Cliente_Mes!$B$2:$B$145,$A3),0) -> 0 | M7: =IFERROR(SUMIFS(Media_Cliente_Mes!$F$2:$F$145,Media_Cliente_Mes!$A$2:$A$145,$M$3,Media_Cliente_Mes!$B$2:$B$145,$A3),0) -> 0 | N7: =IFERROR(SUMPRODUCT(B4:M4,B7:M7)/SUM(B4:M4),0) -> 3.5175249
A8: Oleo (%) | B8: =IFERROR(SUMIFS(Media_Cliente_Mes!$G$2:$G$145,Media_Cliente_Mes!$A$2:$A$145,$B$3,Media_Cliente_Mes!$B$2:$B$145,$A3),0) -> 0 | C8: =IFERROR(SUMIFS(Media_Cliente_Mes!$G$2:$G$145,Media_Cliente_Mes!$A$2:$A$145,$C$3,Media_Cliente_Mes!$B$2:$B$145,$A3),0) -> 1.4035429 | D8: =IFERROR(SUMIFS(Media_Cliente_Mes!$G$2:$G$145,Media_Cliente_Mes!$A$2:$A$145,$D$3,Media_Cliente_Mes!$B$2:$B$145,$A3),0) -> 1.2043202 | E8: =IFERROR(SUMIFS(Media_Cliente_Mes!$G$2:$G$145,Media_Cliente_Mes!$A$2:$A$145,$E$3,Media_Cliente_Mes!$B$2:$B$145,$A3),0) -> 1.7467669 | F8: =IFERROR(SUMIFS(Media_Cliente_Mes!$G$2:$G$145,Media_Cliente_Mes!$A$2:$A$145,$F$3,Media_Cliente_Mes!$B$2:$B$145,$A3),0) -> 1.5928967 | G8: =IFERROR(SUMIFS(Media_Cliente_Mes!$G$2:$G$145,Media_Cliente_Mes!$A$2:$A$145,$G$3,Media_Cliente_Mes!$B$2:$B$145,$A3),0) -> 1.6171417 | H8: =IFERROR(SUMIFS(Media_Cliente_Mes!$G$2:$G$145,Media_Cliente_Mes!$A$2:$A$145,$H$3,Media_Cliente_Mes!$B$2:$B$145,$A3),0) -> 1.6404812 | I8: =IFERROR(SUMIFS(Media_Cliente_Mes!$G$2:$G$145,Media_Cliente_Mes!$A$2:$A$145,$I$3,Media_Cliente_Mes!$B$2:$B$145,$A3),0) -> 0 | J8: =IFERROR(SUMIFS(Media_Cliente_Mes!$G$2:$G$145,Media_Cliente_Mes!$A$2:$A$145,$J$3,Media_Cliente_Mes!$B$2:$B$145,$A3),0) -> 0 | K8: =IFERROR(SUMIFS(Media_Cliente_Mes!$G$2:$G$145,Media_Cliente_Mes!$A$2:$A$145,$K$3,Media_Cliente_Mes!$B$2:$B$145,$A3),0) -> 0 | L8: =IFERROR(SUMIFS(Media_Cliente_Mes!$G$2:$G$145,Media_Cliente_Mes!$A$2:$A$145,$L$3,Media_Cliente_Mes!$B$2:$B$145,$A3),0) -> 0 | M8: =IFERROR(SUMIFS(Media_Cliente_Mes!$G$2:$G$145,Media_Cliente_Mes!$A$2:$A$145,$M$3,Media_Cliente_Mes!$B$2:$B$145,$A3),0) -> 0 | N8: =IFERROR(SUMPRODUCT(B4:M4,B8:M8)/SUM(B4:M4),0) -> 1.5692925
A9: Vol. Rodo (t) | B9: =IFERROR(SUMIFS(Media_Cliente_Mes!$H$2:$H$145,Media_Cliente_Mes!$A$2:$A$145,$B$3,Media_Cliente_Mes!$B$2:$B$145,$A3),0) -> 0 | C9: =IFERROR(SUMIFS(Media_Cliente_Mes!$H$2:$H$145,Media_Cliente_Mes!$A$2:$A$145,$C$3,Media_Cliente_Mes!$B$2:$B$145,$A3),0) -> 39842.6 | D9: =IFERROR(SUMIFS(Media_Cliente_Mes!$H$2:$H$145,Media_Cliente_Mes!$A$2:$A$145,$D$3,Media_Cliente_Mes!$B$2:$B$145,$A3),0) -> 664.72 | E9: =IFERROR(SUMIFS(Media_Cliente_Mes!$H$2:$H$145,Media_Cliente_Mes!$A$2:$A$145,$E$3,Media_Cliente_Mes!$B$2:$B$145,$A3),0) -> 25284.64 | F9: =IFERROR(SUMIFS(Media_Cliente_Mes!$H$2:$H$145,Media_Cliente_Mes!$A$2:$A$145,$F$3,Media_Cliente_Mes!$B$2:$B$145,$A3),0) -> 10502.32 | G9: =IFERROR(SUMIFS(Media_Cliente_Mes!$H$2:$H$145,Media_Cliente_Mes!$A$2:$A$145,$G$3,Media_Cliente_Mes!$B$2:$B$145,$A3),0) -> 47.73 | H9: =IFERROR(SUMIFS(Media_Cliente_Mes!$H$2:$H$145,Media_Cliente_Mes!$A$2:$A$145,$H$3,Media_Cliente_Mes!$B$2:$B$145,$A3),0) -> 33837.06 | I9: =IFERROR(SUMIFS(Media_Cliente_Mes!$H$2:$H$145,Media_Cliente_Mes!$A$2:$A$145,$I$3,Media_Cliente_Mes!$B$2:$B$145,$A3),0) -> 0 | J9: =IFERROR(SUMIFS(Media_Cliente_Mes!$H$2:$H$145,Media_Cliente_Mes!$A$2:$A$145,$J$3,Media_Cliente_Mes!$B$2:$B$145,$A3),0) -> 0 | K9: =IFERROR(SUMIFS(Media_Cliente_Mes!$H$2:$H$145,Media_Cliente_Mes!$A$2:$A$145,$K$3,Media_Cliente_Mes!$B$2:$B$145,$A3),0) -> 0 | L9: =IFERROR(SUMIFS(Media_Cliente_Mes!$H$2:$H$145,Media_Cliente_Mes!$A$2:$A$145,$L$3,Media_Cliente_Mes!$B$2:$B$145,$A3),0) -> 0 | M9: =IFERROR(SUMIFS(Media_Cliente_Mes!$H$2:$H$145,Media_Cliente_Mes!$A$2:$A$145,$M$3,Media_Cliente_Mes!$B$2:$B$145,$A3),0) -> 0 | N9: =SUM(B9:M9) -> 110179.07
A10: Vol. Ferro (t) | B10: =IFERROR(SUMIFS(Media_Cliente_Mes!$I$2:$I$145,Media_Cliente_Mes!$A$2:$A$145,$B$3,Media_Cliente_Mes!$B$2:$B$145,$A3),0) -> 0 | C10: =IFERROR(SUMIFS(Media_Cliente_Mes!$I$2:$I$145,Media_Cliente_Mes!$A$2:$A$145,$C$3,Media_Cliente_Mes!$B$2:$B$145,$A3),0) -> 0 | D10: =IFERROR(SUMIFS(Media_Cliente_Mes!$I$2:$I$145,Media_Cliente_Mes!$A$2:$A$145,$D$3,Media_Cliente_Mes!$B$2:$B$145,$A3),0) -> 18227.02 | E10: =IFERROR(SUMIFS(Media_Cliente_Mes!$I$2:$I$145,Media_Cliente_Mes!$A$2:$A$145,$E$3,Media_Cliente_Mes!$B$2:$B$145,$A3),0) -> 1049.69 | F10: =IFERROR(SUMIFS(Media_Cliente_Mes!$I$2:$I$145,Media_Cliente_Mes!$A$2:$A$145,$F$3,Media_Cliente_Mes!$B$2:$B$145,$A3),0) -> 47630.96 | G10: =IFERROR(SUMIFS(Media_Cliente_Mes!$I$2:$I$145,Media_Cliente_Mes!$A$2:$A$145,$G$3,Media_Cliente_Mes!$B$2:$B$145,$A3),0) -> 48512.9 | H10: =IFERROR(SUMIFS(Media_Cliente_Mes!$I$2:$I$145,Media_Cliente_Mes!$A$2:$A$145,$H$3,Media_Cliente_Mes!$B$2:$B$145,$A3),0) -> 38216.63 | I10: =IFERROR(SUMIFS(Media_Cliente_Mes!$I$2:$I$145,Media_Cliente_Mes!$A$2:$A$145,$I$3,Media_Cliente_Mes!$B$2:$B$145,$A3),0) -> 0 | J10: =IFERROR(SUMIFS(Media_Cliente_Mes!$I$2:$I$145,Media_Cliente_Mes!$A$2:$A$145,$J$3,Media_Cliente_Mes!$B$2:$B$145,$A3),0) -> 0 | K10: =IFERROR(SUMIFS(Media_Cliente_Mes!$I$2:$I$145,Media_Cliente_Mes!$A$2:$A$145,$K$3,Media_Cliente_Mes!$B$2:$B$145,$A3),0) -> 0 | L10: =IFERROR(SUMIFS(Media_Cliente_Mes!$I$2:$I$145,Media_Cliente_Mes!$A$2:$A$145,$L$3,Media_Cliente_Mes!$B$2:$B$145,$A3),0) -> 0 | M10: =IFERROR(SUMIFS(Media_Cliente_Mes!$I$2:$I$145,Media_Cliente_Mes!$A$2:$A$145,$M$3,Media_Cliente_Mes!$B$2:$B$145,$A3),0) -> 0 | N10: =SUM(B10:M10) -> 153637.2
A12: Fev | B12: Amaggi | C12: Brejeiro | D12: Caramuru | E12: Cargill | F12: Cofco | G12: 3Tentos | H12: Bunge | I12: ADM | J12: Aliança | K12: Olfar | L12: Novo06 | M12: Novo07 | N12: Media Pool
A13: Volume | B13: =IFERROR(SUMIFS(Media_Cliente_Mes!$C$2:$C$145,Media_Cliente_Mes!$A$2:$A$145,$B$12,Media_Cliente_Mes!$B$2:$B$145,$A12),0) -> 0 | C13: =IFERROR(SUMIFS(Media_Cliente_Mes!$C$2:$C$145,Media_Cliente_Mes!$A$2:$A$145,$C$12,Media_Cliente_Mes!$B$2:$B$145,$A12),0) -> 30370.33 | D13: =IFERROR(SUMIFS(Media_Cliente_Mes!$C$2:$C$145,Media_Cliente_Mes!$A$2:$A$145,$D$12,Media_Cliente_Mes!$B$2:$B$145,$A12),0) -> 9485.48 | E13: =IFERROR(SUMIFS(Media_Cliente_Mes!$C$2:$C$145,Media_Cliente_Mes!$A$2:$A$145,$E$12,Media_Cliente_Mes!$B$2:$B$145,$A12),0) -> 62578.1 | F13: =IFERROR(SUMIFS(Media_Cliente_Mes!$C$2:$C$145,Media_Cliente_Mes!$A$2:$A$145,$F$12,Media_Cliente_Mes!$B$2:$B$145,$A12),0) -> 53224.28 | G13: =IFERROR(SUMIFS(Media_Cliente_Mes!$C$2:$C$145,Media_Cliente_Mes!$A$2:$A$145,$G$12,Media_Cliente_Mes!$B$2:$B$145,$A12),0) -> 41884.18 | H13: =IFERROR(SUMIFS(Media_Cliente_Mes!$C$2:$C$145,Media_Cliente_Mes!$A$2:$A$145,$H$12,Media_Cliente_Mes!$B$2:$B$145,$A12),0) -> 101673.63 | I13: =IFERROR(SUMIFS(Media_Cliente_Mes!$C$2:$C$145,Media_Cliente_Mes!$A$2:$A$145,$I$12,Media_Cliente_Mes!$B$2:$B$145,$A12),0) -> 0 | J13: =IFERROR(SUMIFS(Media_Cliente_Mes!$C$2:$C$145,Media_Cliente_Mes!$A$2:$A$145,$J$12,Media_Cliente_Mes!$B$2:$B$145,$A12),0) -> 0 | K13: =IFERROR(SUMIFS(Media_Cliente_Mes!$C$2:$C$145,Media_Cliente_Mes!$A$2:$A$145,$K$12,Media_Cliente_Mes!$B$2:$B$145,$A12),0) -> 0 | L13: =IFERROR(SUMIFS(Media_Cliente_Mes!$C$2:$C$145,Media_Cliente_Mes!$A$2:$A$145,$L$12,Media_Cliente_Mes!$B$2:$B$145,$A12),0) -> 0 | M13: =IFERROR(SUMIFS(Media_Cliente_Mes!$C$2:$C$145,Media_Cliente_Mes!$A$2:$A$145,$M$12,Media_Cliente_Mes!$B$2:$B$145,$A12),0) -> 0 | N13: =SUM(B13:M13) -> 299216
A14: Proteina Bruta (%) | B14: =IFERROR(SUMIFS(Media_Cliente_Mes!$D$2:$D$145,Media_Cliente_Mes!$A$2:$A$145,$B$12,Media_Cliente_Mes!$B$2:$B$145,$A12),0) -> 0 | C14: =IFERROR(SUMIFS(Media_Cliente_Mes!$D$2:$D$145,Media_Cliente_Mes!$A$2:$A$145,$C$12,Media_Cliente_Mes!$B$2:$B$145,$A12),0) -> 47.98074 | D14: =IFERROR(SUMIFS(Media_Cliente_Mes!$D$2:$D$145,Media_Cliente_Mes!$A$2:$A$145,$D$12,Media_Cliente_Mes!$B$2:$B$145,$A12),0) -> 47.208667 | E14: =IFERROR(SUMIFS(Media_Cliente_Mes!$D$2:$D$145,Media_Cliente_Mes!$A$2:$A$145,$E$12,Media_Cliente_Mes!$B$2:$B$145,$A12),0) -> 46.969315 | F14: =IFERROR(SUMIFS(Media_Cliente_Mes!$D$2:$D$145,Media_Cliente_Mes!$A$2:$A$145,$F$12,Media_Cliente_Mes!$B$2:$B$145,$A12),0) -> 47.741003 | G14: =IFERROR(SUMIFS(Media_Cliente_Mes!$D$2:$D$145,Media_Cliente_Mes!$A$2:$A$145,$G$12,Media_Cliente_Mes!$B$2:$B$145,$A12),0) -> 47.148488 | H14: =IFERROR(SUMIFS(Media_Cliente_Mes!$D$2:$D$145,Media_Cliente_Mes!$A$2:$A$145,$H$12,Media_Cliente_Mes!$B$2:$B$145,$A12),0) -> 47.259671 | I14: =IFERROR(SUMIFS(Media_Cliente_Mes!$D$2:$D$145,Media_Cliente_Mes!$A$2:$A$145,$I$12,Media_Cliente_Mes!$B$2:$B$145,$A12),0) -> 0 | J14: =IFERROR(SUMIFS(Media_Cliente_Mes!$D$2:$D$145,Media_Cliente_Mes!$A$2:$A$145,$J$12,Media_Cliente_Mes!$B$2:$B$145,$A12),0) -> 0 | K14: =IFERROR(SUMIFS(Media_Cliente_Mes!$D$2:$D$145,Media_Cliente_Mes!$A$2:$A$145,$K$12,Media_Cliente_Mes!$B$2:$B$145,$A12),0) -> 0 | L14: =IFERROR(SUMIFS(Media_Cliente_Mes!$D$2:$D$145,Media_Cliente_Mes!$A$2:$A$145,$L$12,Media_Cliente_Mes!$B$2:$B$145,$A12),0) -> 0 | M14: =IFERROR(SUMIFS(Media_Cliente_Mes!$D$2:$D$145,Media_Cliente_Mes!$A$2:$A$145,$M$12,Media_Cliente_Mes!$B$2:$B$145,$A12),0) -> 0 | N14: =IFERROR(SUMPRODUCT(B13:M13,B14:M14)/SUM(B13:M13),0) -> 47.340573
A15: Umidade (%) | B15: =IFERROR(SUMIFS(Media_Cliente_Mes!$E$2:$E$145,Media_Cliente_Mes!$A$2:$A$145,$B$12,Media_Cliente_Mes!$B$2:$B$145,$A12),0) -> 0 | C15: =IFERROR(SUMIFS(Media_Cliente_Mes!$E$2:$E$145,Media_Cliente_Mes!$A$2:$A$145,$C$12,Media_Cliente_Mes!$B$2:$B$145,$A12),0) -> 11.558493 | D15: =IFERROR(SUMIFS(Media_Cliente_Mes!$E$2:$E$145,Media_Cliente_Mes!$A$2:$A$145,$D$12,Media_Cliente_Mes!$B$2:$B$145,$A12),0) -> 12.719272 | E15: =IFERROR(SUMIFS(Media_Cliente_Mes!$E$2:$E$145,Media_Cliente_Mes!$A$2:$A$145,$E$12,Media_Cliente_Mes!$B$2:$B$145,$A12),0) -> 12.33938 | F15: =IFERROR(SUMIFS(Media_Cliente_Mes!$E$2:$E$145,Media_Cliente_Mes!$A$2:$A$145,$F$12,Media_Cliente_Mes!$B$2:$B$145,$A12),0) -> 12.236462 | G15: =IFERROR(SUMIFS(Media_Cliente_Mes!$E$2:$E$145,Media_Cliente_Mes!$A$2:$A$145,$G$12,Media_Cliente_Mes!$B$2:$B$145,$A12),0) -> 12.236235 | H15: =IFERROR(SUMIFS(Media_Cliente_Mes!$E$2:$E$145,Media_Cliente_Mes!$A$2:$A$145,$H$12,Media_Cliente_Mes!$B$2:$B$145,$A12),0) -> 12.357228 | I15: =IFERROR(SUMIFS(Media_Cliente_Mes!$E$2:$E$145,Media_Cliente_Mes!$A$2:$A$145,$I$12,Media_Cliente_Mes!$B$2:$B$145,$A12),0) -> 0 | J15: =IFERROR(SUMIFS(Media_Cliente_Mes!$E$2:$E$145,Media_Cliente_Mes!$A$2:$A$145,$J$12,Media_Cliente_Mes!$B$2:$B$145,$A12),0) -> 0 | K15: =IFERROR(SUMIFS(Media_Cliente_Mes!$E$2:$E$145,Media_Cliente_Mes!$A$2:$A$145,$K$12,Media_Cliente_Mes!$B$2:$B$145,$A12),0) -> 0 | L15: =IFERROR(SUMIFS(Media_Cliente_Mes!$E$2:$E$145,Media_Cliente_Mes!$A$2:$A$145,$L$12,Media_Cliente_Mes!$B$2:$B$145,$A12),0) -> 0 | M15: =IFERROR(SUMIFS(Media_Cliente_Mes!$E$2:$E$145,Media_Cliente_Mes!$A$2:$A$145,$M$12,Media_Cliente_Mes!$B$2:$B$145,$A12),0) -> 0 | N15: =IFERROR(SUMPRODUCT(B13:M13,B15:M15)/SUM(B13:M13),0) -> 12.245483
A16: Fibra (%) | B16: =IFERROR(SUMIFS(Media_Cliente_Mes!$F$2:$F$145,Media_Cliente_Mes!$A$2:$A$145,$B$12,Media_Cliente_Mes!$B$2:$B$145,$A12),0) -> 0 | C16: =IFERROR(SUMIFS(Media_Cliente_Mes!$F$2:$F$145,Media_Cliente_Mes!$A$2:$A$145,$C$12,Media_Cliente_Mes!$B$2:$B$145,$A12),0) -> 3.4609544 | D16: =IFERROR(SUMIFS(Media_Cliente_Mes!$F$2:$F$145,Media_Cliente_Mes!$A$2:$A$145,$D$12,Media_Cliente_Mes!$B$2:$B$145,$A12),0) -> 3.7313673 | E16: =IFERROR(SUMIFS(Media_Cliente_Mes!$F$2:$F$145,Media_Cliente_Mes!$A$2:$A$145,$E$12,Media_Cliente_Mes!$B$2:$B$145,$A12),0) -> 3.7083902 | F16: =IFERROR(SUMIFS(Media_Cliente_Mes!$F$2:$F$145,Media_Cliente_Mes!$A$2:$A$145,$F$12,Media_Cliente_Mes!$B$2:$B$145,$A12),0) -> 3.4970776 | G16: =IFERROR(SUMIFS(Media_Cliente_Mes!$F$2:$F$145,Media_Cliente_Mes!$A$2:$A$145,$G$12,Media_Cliente_Mes!$B$2:$B$145,$A12),0) -> 3.7498197 | H16: =IFERROR(SUMIFS(Media_Cliente_Mes!$F$2:$F$145,Media_Cliente_Mes!$A$2:$A$145,$H$12,Media_Cliente_Mes!$B$2:$B$145,$A12),0) -> 3.6090273 | I16: =IFERROR(SUMIFS(Media_Cliente_Mes!$F$2:$F$145,Media_Cliente_Mes!$A$2:$A$145,$I$12,Media_Cliente_Mes!$B$2:$B$145,$A12),0) -> 0 | J16: =IFERROR(SUMIFS(Media_Cliente_Mes!$F$2:$F$145,Media_Cliente_Mes!$A$2:$A$145,$J$12,Media_Cliente_Mes!$B$2:$B$145,$A12),0) -> 0 | K16: =IFERROR(SUMIFS(Media_Cliente_Mes!$F$2:$F$145,Media_Cliente_Mes!$A$2:$A$145,$K$12,Media_Cliente_Mes!$B$2:$B$145,$A12),0) -> 0 | L16: =IFERROR(SUMIFS(Media_Cliente_Mes!$F$2:$F$145,Media_Cliente_Mes!$A$2:$A$145,$L$12,Media_Cliente_Mes!$B$2:$B$145,$A12),0) -> 0 | M16: =IFERROR(SUMIFS(Media_Cliente_Mes!$F$2:$F$145,Media_Cliente_Mes!$A$2:$A$145,$M$12,Media_Cliente_Mes!$B$2:$B$145,$A12),0) -> 0 | N16: =IFERROR(SUMPRODUCT(B13:M13,B16:M16)/SUM(B13:M13),0) -> 3.6184516
A17: Oleo (%) | B17: =IFERROR(SUMIFS(Media_Cliente_Mes!$G$2:$G$145,Media_Cliente_Mes!$A$2:$A$145,$B$12,Media_Cliente_Mes!$B$2:$B$145,$A12),0) -> 0 | C17: =IFERROR(SUMIFS(Media_Cliente_Mes!$G$2:$G$145,Media_Cliente_Mes!$A$2:$A$145,$C$12,Media_Cliente_Mes!$B$2:$B$145,$A12),0) -> 1.3115992 | D17: =IFERROR(SUMIFS(Media_Cliente_Mes!$G$2:$G$145,Media_Cliente_Mes!$A$2:$A$145,$D$12,Media_Cliente_Mes!$B$2:$B$145,$A12),0) -> 1.1685137 | E17: =IFERROR(SUMIFS(Media_Cliente_Mes!$G$2:$G$145,Media_Cliente_Mes!$A$2:$A$145,$E$12,Media_Cliente_Mes!$B$2:$B$145,$A12),0) -> 1.7318407 | F17: =IFERROR(SUMIFS(Media_Cliente_Mes!$G$2:$G$145,Media_Cliente_Mes!$A$2:$A$145,$F$12,Media_Cliente_Mes!$B$2:$B$145,$A12),0) -> 1.7741349 | G17: =IFERROR(SUMIFS(Media_Cliente_Mes!$G$2:$G$145,Media_Cliente_Mes!$A$2:$A$145,$G$12,Media_Cliente_Mes!$B$2:$B$145,$A12),0) -> 1.5862946 | H17: =IFERROR(SUMIFS(Media_Cliente_Mes!$G$2:$G$145,Media_Cliente_Mes!$A$2:$A$145,$H$12,Media_Cliente_Mes!$B$2:$B$145,$A12),0) -> 1.6916691 | I17: =IFERROR(SUMIFS(Media_Cliente_Mes!$G$2:$G$145,Media_Cliente_Mes!$A$2:$A$145,$I$12,Media_Cliente_Mes!$B$2:$B$145,$A12),0) -> 0 | J17: =IFERROR(SUMIFS(Media_Cliente_Mes!$G$2:$G$145,Media_Cliente_Mes!$A$2:$A$145,$J$12,Media_Cliente_Mes!$B$2:$B$145,$A12),0) -> 0 | K17: =IFERROR(SUMIFS(Media_Cliente_Mes!$G$2:$G$145,Media_Cliente_Mes!$A$2:$A$145,$K$12,Media_Cliente_Mes!$B$2:$B$145,$A12),0) -> 0 | L17: =IFERROR(SUMIFS(Media_Cliente_Mes!$G$2:$G$145,Media_Cliente_Mes!$A$2:$A$145,$L$12,Media_Cliente_Mes!$B$2:$B$145,$A12),0) -> 0 | M17: =IFERROR(SUMIFS(Media_Cliente_Mes!$G$2:$G$145,Media_Cliente_Mes!$A$2:$A$145,$M$12,Media_Cliente_Mes!$B$2:$B$145,$A12),0) -> 0 | N17: =IFERROR(SUMPRODUCT(B13:M13,B17:M17)/SUM(B13:M13),0) -> 1.6448277
A18: Vol. Rodo (t) | B18: =IFERROR(SUMIFS(Media_Cliente_Mes!$H$2:$H$145,Media_Cliente_Mes!$A$2:$A$145,$B$12,Media_Cliente_Mes!$B$2:$B$145,$A12),0) -> 0 | C18: =IFERROR(SUMIFS(Media_Cliente_Mes!$H$2:$H$145,Media_Cliente_Mes!$A$2:$A$145,$C$12,Media_Cliente_Mes!$B$2:$B$145,$A12),0) -> 30370.33 | D18: =IFERROR(SUMIFS(Media_Cliente_Mes!$H$2:$H$145,Media_Cliente_Mes!$A$2:$A$145,$D$12,Media_Cliente_Mes!$B$2:$B$145,$A12),0) -> 0 | E18: =IFERROR(SUMIFS(Media_Cliente_Mes!$H$2:$H$145,Media_Cliente_Mes!$A$2:$A$145,$E$12,Media_Cliente_Mes!$B$2:$B$145,$A12),0) -> 11853.83 | F18: =IFERROR(SUMIFS(Media_Cliente_Mes!$H$2:$H$145,Media_Cliente_Mes!$A$2:$A$145,$F$12,Media_Cliente_Mes!$B$2:$B$145,$A12),0) -> 0 | G18: =IFERROR(SUMIFS(Media_Cliente_Mes!$H$2:$H$145,Media_Cliente_Mes!$A$2:$A$145,$G$12,Media_Cliente_Mes!$B$2:$B$145,$A12),0) -> 39.21 | H18: =IFERROR(SUMIFS(Media_Cliente_Mes!$H$2:$H$145,Media_Cliente_Mes!$A$2:$A$145,$H$12,Media_Cliente_Mes!$B$2:$B$145,$A12),0) -> 0 | I18: =IFERROR(SUMIFS(Media_Cliente_Mes!$H$2:$H$145,Media_Cliente_Mes!$A$2:$A$145,$I$12,Media_Cliente_Mes!$B$2:$B$145,$A12),0) -> 0 | J18: =IFERROR(SUMIFS(Media_Cliente_Mes!$H$2:$H$145,Media_Cliente_Mes!$A$2:$A$145,$J$12,Media_Cliente_Mes!$B$2:$B$145,$A12),0) -> 0 | K18: =IFERROR(SUMIFS(Media_Cliente_Mes!$H$2:$H$145,Media_Cliente_Mes!$A$2:$A$145,$K$12,Media_Cliente_Mes!$B$2:$B$145,$A12),0) -> 0 | L18: =IFERROR(SUMIFS(Media_Cliente_Mes!$H$2:$H$145,Media_Cliente_Mes!$A$2:$A$145,$L$12,Media_Cliente_Mes!$B$2:$B$145,$A12),0) -> 0 | M18: =IFERROR(SUMIFS(Media_Cliente_Mes!$H$2:$H$145,Media_Cliente_Mes!$A$2:$A$145,$M$12,Media_Cliente_Mes!$B$2:$B$145,$A12),0) -> 0 | N18: =SUM(B18:M18) -> 42263.37
A19: Vol. Ferro (t) | B19: =IFERROR(SUMIFS(Media_Cliente_Mes!$I$2:$I$145,Media_Cliente_Mes!$A$2:$A$145,$B$12,Media_Cliente_Mes!$B$2:$B$145,$A12),0) -> 0 | C19: =IFERROR(SUMIFS(Media_Cliente_Mes!$I$2:$I$145,Media_Cliente_Mes!$A$2:$A$145,$C$12,Media_Cliente_Mes!$B$2:$B$145,$A12),0) -> 0 | D19: =IFERROR(SUMIFS(Media_Cliente_Mes!$I$2:$I$145,Media_Cliente_Mes!$A$2:$A$145,$D$12,Media_Cliente_Mes!$B$2:$B$145,$A12),0) -> 9485.48 | E19: =IFERROR(SUMIFS(Media_Cliente_Mes!$I$2:$I$145,Media_Cliente_Mes!$A$2:$A$145,$E$12,Media_Cliente_Mes!$B$2:$B$145,$A12),0) -> 50724.27 | F19: =IFERROR(SUMIFS(Media_Cliente_Mes!$I$2:$I$145,Media_Cliente_Mes!$A$2:$A$145,$F$12,Media_Cliente_Mes!$B$2:$B$145,$A12),0) -> 53224.28 | G19: =IFERROR(SUMIFS(Media_Cliente_Mes!$I$2:$I$145,Media_Cliente_Mes!$A$2:$A$145,$G$12,Media_Cliente_Mes!$B$2:$B$145,$A12),0) -> 41844.97 | H19: =IFERROR(SUMIFS(Media_Cliente_Mes!$I$2:$I$145,Media_Cliente_Mes!$A$2:$A$145,$H$12,Media_Cliente_Mes!$B$2:$B$145,$A12),0) -> 101673.63 | I19: =IFERROR(SUMIFS(Media_Cliente_Mes!$I$2:$I$145,Media_Cliente_Mes!$A$2:$A$145,$I$12,Media_Cliente_Mes!$B$2:$B$145,$A12),0) -> 0 | J19: =IFERROR(SUMIFS(Media_Cliente_Mes!$I$2:$I$145,Media_Cliente_Mes!$A$2:$A$145,$J$12,Media_Cliente_Mes!$B$2:$B$145,$A12),0) -> 0 | K19: =IFERROR(SUMIFS(Media_Cliente_Mes!$I$2:$I$145,Media_Cliente_Mes!$A$2:$A$145,$K$12,Media_Cliente_Mes!$B$2:$B$145,$A12),0) -> 0 | L19: =IFERROR(SUMIFS(Media_Cliente_Mes!$I$2:$I$145,Media_Cliente_Mes!$A$2:$A$145,$L$12,Media_Cliente_Mes!$B$2:$B$145,$A12),0) -> 0 | M19: =IFERROR(SUMIFS(Media_Cliente_Mes!$I$2:$I$145,Media_Cliente_Mes!$A$2:$A$145,$M$12,Media_Cliente_Mes!$B$2:$B$145,$A12),0) -> 0 | N19: =SUM(B19:M19) -> 256952.63
A21: Mar | B21: Amaggi | C21: Brejeiro | D21: Caramuru | E21: Cargill | F21: Cofco | G21: 3Tentos | H21: Bunge | I21: ADM | J21: Aliança | K21: Olfar | L21: Novo06 | M21: Novo07 | N21: Media Pool
A22: Volume | B22: =IFERROR(SUMIFS(Media_Cliente_Mes!$C$2:$C$145,Media_Cliente_Mes!$A$2:$A$145,$B$21,Media_Cliente_Mes!$B$2:$B$145,$A21),0) -> 0 | C22: =IFERROR(SUMIFS(Media_Cliente_Mes!$C$2:$C$145,Media_Cliente_Mes!$A$2:$A$145,$C$21,Media_Cliente_Mes!$B$2:$B$145,$A21),0) -> 43330.53 | D22: =IFERROR(SUMIFS(Media_Cliente_Mes!$C$2:$C$145,Media_Cliente_Mes!$A$2:$A$145,$D$21,Media_Cliente_Mes!$B$2:$B$145,$A21),0) -> 12278.31 | E22: =IFERROR(SUMIFS(Media_Cliente_Mes!$C$2:$C$145,Media_Cliente_Mes!$A$2:$A$145,$E$21,Media_Cliente_Mes!$B$2:$B$145,$A21),0) -> 60137.37 | F22: =IFERROR(SUMIFS(Media_Cliente_Mes!$C$2:$C$145,Media_Cliente_Mes!$A$2:$A$145,$F$21,Media_Cliente_Mes!$B$2:$B$145,$A21),0) -> 66365.71 | G22: =IFERROR(SUMIFS(Media_Cliente_Mes!$C$2:$C$145,Media_Cliente_Mes!$A$2:$A$145,$G$21,Media_Cliente_Mes!$B$2:$B$145,$A21),0) -> 58475.74 | H22: =IFERROR(SUMIFS(Media_Cliente_Mes!$C$2:$C$145,Media_Cliente_Mes!$A$2:$A$145,$H$21,Media_Cliente_Mes!$B$2:$B$145,$A21),0) -> 141.56 | I22: =IFERROR(SUMIFS(Media_Cliente_Mes!$C$2:$C$145,Media_Cliente_Mes!$A$2:$A$145,$I$21,Media_Cliente_Mes!$B$2:$B$145,$A21),0) -> 0 | J22: =IFERROR(SUMIFS(Media_Cliente_Mes!$C$2:$C$145,Media_Cliente_Mes!$A$2:$A$145,$J$21,Media_Cliente_Mes!$B$2:$B$145,$A21),0) -> 0 | K22: =IFERROR(SUMIFS(Media_Cliente_Mes!$C$2:$C$145,Media_Cliente_Mes!$A$2:$A$145,$K$21,Media_Cliente_Mes!$B$2:$B$145,$A21),0) -> 0 | L22: =IFERROR(SUMIFS(Media_Cliente_Mes!$C$2:$C$145,Media_Cliente_Mes!$A$2:$A$145,$L$21,Media_Cliente_Mes!$B$2:$B$145,$A21),0) -> 0 | M22: =IFERROR(SUMIFS(Media_Cliente_Mes!$C$2:$C$145,Media_Cliente_Mes!$A$2:$A$145,$M$21,Media_Cliente_Mes!$B$2:$B$145,$A21),0) -> 0 | N22: =SUM(B22:M22) -> 240729.22
A23: Proteina Bruta (%) | B23: =IFERROR(SUMIFS(Media_Cliente_Mes!$D$2:$D$145,Media_Cliente_Mes!$A$2:$A$145,$B$21,Media_Cliente_Mes!$B$2:$B$145,$A21),0) -> 0 | C23: =IFERROR(SUMIFS(Media_Cliente_Mes!$D$2:$D$145,Media_Cliente_Mes!$A$2:$A$145,$C$21,Media_Cliente_Mes!$B$2:$B$145,$A21),0) -> 47.572986 | D23: =IFERROR(SUMIFS(Media_Cliente_Mes!$D$2:$D$145,Media_Cliente_Mes!$A$2:$A$145,$D$21,Media_Cliente_Mes!$B$2:$B$145,$A21),0) -> 48.003435 | E23: =IFERROR(SUMIFS(Media_Cliente_Mes!$D$2:$D$145,Media_Cliente_Mes!$A$2:$A$145,$E$21,Media_Cliente_Mes!$B$2:$B$145,$A21),0) -> 47.227053 | F23: =IFERROR(SUMIFS(Media_Cliente_Mes!$D$2:$D$145,Media_Cliente_Mes!$A$2:$A$145,$F$21,Media_Cliente_Mes!$B$2:$B$145,$A21),0) -> 47.310662 | G23: =IFERROR(SUMIFS(Media_Cliente_Mes!$D$2:$D$145,Media_Cliente_Mes!$A$2:$A$145,$G$21,Media_Cliente_Mes!$B$2:$B$145,$A21),0) -> 47.144729 | H23: =IFERROR(SUMIFS(Media_Cliente_Mes!$D$2:$D$145,Media_Cliente_Mes!$A$2:$A$145,$H$21,Media_Cliente_Mes!$B$2:$B$145,$A21),0) -> 47.67 | I23: =IFERROR(SUMIFS(Media_Cliente_Mes!$D$2:$D$145,Media_Cliente_Mes!$A$2:$A$145,$I$21,Media_Cliente_Mes!$B$2:$B$145,$A21),0) -> 0 | J23: =IFERROR(SUMIFS(Media_Cliente_Mes!$D$2:$D$145,Media_Cliente_Mes!$A$2:$A$145,$J$21,Media_Cliente_Mes!$B$2:$B$145,$A21),0) -> 0 | K23: =IFERROR(SUMIFS(Media_Cliente_Mes!$D$2:$D$145,Media_Cliente_Mes!$A$2:$A$145,$K$21,Media_Cliente_Mes!$B$2:$B$145,$A21),0) -> 0 | L23: =IFERROR(SUMIFS(Media_Cliente_Mes!$D$2:$D$145,Media_Cliente_Mes!$A$2:$A$145,$L$21,Media_Cliente_Mes!$B$2:$B$145,$A21),0) -> 0 | M23: =IFERROR(SUMIFS(Media_Cliente_Mes!$D$2:$D$145,Media_Cliente_Mes!$A$2:$A$145,$M$21,Media_Cliente_Mes!$B$2:$B$145,$A21),0) -> 0 | N23: =IFERROR(SUMPRODUCT(B22:M22,B23:M23)/SUM(B22:M22),0) -> 47.332232
A24: Umidade (%) | B24: =IFERROR(SUMIFS(Media_Cliente_Mes!$E$2:$E$145,Media_Cliente_Mes!$A$2:$A$145,$B$21,Media_Cliente_Mes!$B$2:$B$145,$A21),0) -> 0 | C24: =IFERROR(SUMIFS(Media_Cliente_Mes!$E$2:$E$145,Media_Cliente_Mes!$A$2:$A$145,$C$21,Media_Cliente_Mes!$B$2:$B$145,$A21),0) -> 11.602546 | D24: =IFERROR(SUMIFS(Media_Cliente_Mes!$E$2:$E$145,Media_Cliente_Mes!$A$2:$A$145,$D$21,Media_Cliente_Mes!$B$2:$B$145,$A21),0) -> 12.397771 | E24: =IFERROR(SUMIFS(Media_Cliente_Mes!$E$2:$E$145,Media_Cliente_Mes!$A$2:$A$145,$E$21,Media_Cliente_Mes!$B$2:$B$145,$A21),0) -> 12.141234 | F24: =IFERROR(SUMIFS(Media_Cliente_Mes!$E$2:$E$145,Media_Cliente_Mes!$A$2:$A$145,$F$21,Media_Cliente_Mes!$B$2:$B$145,$A21),0) -> 12.365805 | G24: =IFERROR(SUMIFS(Media_Cliente_Mes!$E$2:$E$145,Media_Cliente_Mes!$A$2:$A$145,$G$21,Media_Cliente_Mes!$B$2:$B$145,$A21),0) -> 12.36645 | H24: =IFERROR(SUMIFS(Media_Cliente_Mes!$E$2:$E$145,Media_Cliente_Mes!$A$2:$A$145,$H$21,Media_Cliente_Mes!$B$2:$B$145,$A21),0) -> 12.33 | I24: =IFERROR(SUMIFS(Media_Cliente_Mes!$E$2:$E$145,Media_Cliente_Mes!$A$2:$A$145,$I$21,Media_Cliente_Mes!$B$2:$B$145,$A21),0) -> 0 | J24: =IFERROR(SUMIFS(Media_Cliente_Mes!$E$2:$E$145,Media_Cliente_Mes!$A$2:$A$145,$J$21,Media_Cliente_Mes!$B$2:$B$145,$A21),0) -> 0 | K24: =IFERROR(SUMIFS(Media_Cliente_Mes!$E$2:$E$145,Media_Cliente_Mes!$A$2:$A$145,$K$21,Media_Cliente_Mes!$B$2:$B$145,$A21),0) -> 0 | L24: =IFERROR(SUMIFS(Media_Cliente_Mes!$E$2:$E$145,Media_Cliente_Mes!$A$2:$A$145,$L$21,Media_Cliente_Mes!$B$2:$B$145,$A21),0) -> 0 | M24: =IFERROR(SUMIFS(Media_Cliente_Mes!$E$2:$E$145,Media_Cliente_Mes!$A$2:$A$145,$M$21,Media_Cliente_Mes!$B$2:$B$145,$A21),0) -> 0 | N24: =IFERROR(SUMPRODUCT(B22:M22,B24:M24)/SUM(B22:M22),0) -> 12.174086
A25: Fibra (%) | B25: =IFERROR(SUMIFS(Media_Cliente_Mes!$F$2:$F$145,Media_Cliente_Mes!$A$2:$A$145,$B$21,Media_Cliente_Mes!$B$2:$B$145,$A21),0) -> 0 | C25: =IFERROR(SUMIFS(Media_Cliente_Mes!$F$2:$F$145,Media_Cliente_Mes!$A$2:$A$145,$C$21,Media_Cliente_Mes!$B$2:$B$145,$A21),0) -> 3.6616401 | D25: =IFERROR(SUMIFS(Media_Cliente_Mes!$F$2:$F$145,Media_Cliente_Mes!$A$2:$A$145,$D$21,Media_Cliente_Mes!$B$2:$B$145,$A21),0) -> 3.5424956 | E25: =IFERROR(SUMIFS(Media_Cliente_Mes!$F$2:$F$145,Media_Cliente_Mes!$A$2:$A$145,$E$21,Media_Cliente_Mes!$B$2:$B$145,$A21),0) -> 3.7329685 | F25: =IFERROR(SUMIFS(Media_Cliente_Mes!$F$2:$F$145,Media_Cliente_Mes!$A$2:$A$145,$F$21,Media_Cliente_Mes!$B$2:$B$145,$A21),0) -> 3.7222102 | G25: =IFERROR(SUMIFS(Media_Cliente_Mes!$F$2:$F$145,Media_Cliente_Mes!$A$2:$A$145,$G$21,Media_Cliente_Mes!$B$2:$B$145,$A21),0) -> 3.7273584 | H25: =IFERROR(SUMIFS(Media_Cliente_Mes!$F$2:$F$145,Media_Cliente_Mes!$A$2:$A$145,$H$21,Media_Cliente_Mes!$B$2:$B$145,$A21),0) -> 3.52 | I25: =IFERROR(SUMIFS(Media_Cliente_Mes!$F$2:$F$145,Media_Cliente_Mes!$A$2:$A$145,$I$21,Media_Cliente_Mes!$B$2:$B$145,$A21),0) -> 0 | J25: =IFERROR(SUMIFS(Media_Cliente_Mes!$F$2:$F$145,Media_Cliente_Mes!$A$2:$A$145,$J$21,Media_Cliente_Mes!$B$2:$B$145,$A21),0) -> 0 | K25: =IFERROR(SUMIFS(Media_Cliente_Mes!$F$2:$F$145,Media_Cliente_Mes!$A$2:$A$145,$K$21,Media_Cliente_Mes!$B$2:$B$145,$A21),0) -> 0 | L25: =IFERROR(SUMIFS(Media_Cliente_Mes!$F$2:$F$145,Media_Cliente_Mes!$A$2:$A$145,$L$21,Media_Cliente_Mes!$B$2:$B$145,$A21),0) -> 0 | M25: =IFERROR(SUMIFS(Media_Cliente_Mes!$F$2:$F$145,Media_Cliente_Mes!$A$2:$A$145,$M$21,Media_Cliente_Mes!$B$2:$B$145,$A21),0) -> 0 | N25: =IFERROR(SUMPRODUCT(B22:M22,B25:M25)/SUM(B22:M22),0) -> 3.7059607
A26: Oleo (%) | B26: =IFERROR(SUMIFS(Media_Cliente_Mes!$G$2:$G$145,Media_Cliente_Mes!$A$2:$A$145,$B$21,Media_Cliente_Mes!$B$2:$B$145,$A21),0) -> 0 | C26: =IFERROR(SUMIFS(Media_Cliente_Mes!$G$2:$G$145,Media_Cliente_Mes!$A$2:$A$145,$C$21,Media_Cliente_Mes!$B$2:$B$145,$A21),0) -> 1.2533877 | D26: =IFERROR(SUMIFS(Media_Cliente_Mes!$G$2:$G$145,Media_Cliente_Mes!$A$2:$A$145,$D$21,Media_Cliente_Mes!$B$2:$B$145,$A21),0) -> 1.3863973 | E26: =IFERROR(SUMIFS(Media_Cliente_Mes!$G$2:$G$145,Media_Cliente_Mes!$A$2:$A$145,$E$21,Media_Cliente_Mes!$B$2:$B$145,$A21),0) -> 1.5296845 | F26: =IFERROR(SUMIFS(Media_Cliente_Mes!$G$2:$G$145,Media_Cliente_Mes!$A$2:$A$145,$F$21,Media_Cliente_Mes!$B$2:$B$145,$A21),0) -> 1.5412065 | G26: =IFERROR(SUMIFS(Media_Cliente_Mes!$G$2:$G$145,Media_Cliente_Mes!$A$2:$A$145,$G$21,Media_Cliente_Mes!$B$2:$B$145,$A21),0) -> 1.6072603 | H26: =IFERROR(SUMIFS(Media_Cliente_Mes!$G$2:$G$145,Media_Cliente_Mes!$A$2:$A$145,$H$21,Media_Cliente_Mes!$B$2:$B$145,$A21),0) -> 1.23 | I26: =IFERROR(SUMIFS(Media_Cliente_Mes!$G$2:$G$145,Media_Cliente_Mes!$A$2:$A$145,$I$21,Media_Cliente_Mes!$B$2:$B$145,$A21),0) -> 0 | J26: =IFERROR(SUMIFS(Media_Cliente_Mes!$G$2:$G$145,Media_Cliente_Mes!$A$2:$A$145,$J$21,Media_Cliente_Mes!$B$2:$B$145,$A21),0) -> 0 | K26: =IFERROR(SUMIFS(Media_Cliente_Mes!$G$2:$G$145,Media_Cliente_Mes!$A$2:$A$145,$K$21,Media_Cliente_Mes!$B$2:$B$145,$A21),0) -> 0 | L26: =IFERROR(SUMIFS(Media_Cliente_Mes!$G$2:$G$145,Media_Cliente_Mes!$A$2:$A$145,$L$21,Media_Cliente_Mes!$B$2:$B$145,$A21),0) -> 0 | M26: =IFERROR(SUMIFS(Media_Cliente_Mes!$G$2:$G$145,Media_Cliente_Mes!$A$2:$A$145,$M$21,Media_Cliente_Mes!$B$2:$B$145,$A21),0) -> 0 | N26: =IFERROR(SUMPRODUCT(B22:M22,B26:M26)/SUM(B22:M22),0) -> 1.4944878
A27: Vol. Rodo (t) | B27: =IFERROR(SUMIFS(Media_Cliente_Mes!$H$2:$H$145,Media_Cliente_Mes!$A$2:$A$145,$B$21,Media_Cliente_Mes!$B$2:$B$145,$A21),0) -> 0 | C27: =IFERROR(SUMIFS(Media_Cliente_Mes!$H$2:$H$145,Media_Cliente_Mes!$A$2:$A$145,$C$21,Media_Cliente_Mes!$B$2:$B$145,$A21),0) -> 43330.53 | D27: =IFERROR(SUMIFS(Media_Cliente_Mes!$H$2:$H$145,Media_Cliente_Mes!$A$2:$A$145,$D$21,Media_Cliente_Mes!$B$2:$B$145,$A21),0) -> 7362.99 | E27: =IFERROR(SUMIFS(Media_Cliente_Mes!$H$2:$H$145,Media_Cliente_Mes!$A$2:$A$145,$E$21,Media_Cliente_Mes!$B$2:$B$145,$A21),0) -> 22201.52 | F27: =IFERROR(SUMIFS(Media_Cliente_Mes!$H$2:$H$145,Media_Cliente_Mes!$A$2:$A$145,$F$21,Media_Cliente_Mes!$B$2:$B$145,$A21),0) -> 0 | G27: =IFERROR(SUMIFS(Media_Cliente_Mes!$H$2:$H$145,Media_Cliente_Mes!$A$2:$A$145,$G$21,Media_Cliente_Mes!$B$2:$B$145,$A21),0) -> 1340.51 | H27: =IFERROR(SUMIFS(Media_Cliente_Mes!$H$2:$H$145,Media_Cliente_Mes!$A$2:$A$145,$H$21,Media_Cliente_Mes!$B$2:$B$145,$A21),0) -> 0 | I27: =IFERROR(SUMIFS(Media_Cliente_Mes!$H$2:$H$145,Media_Cliente_Mes!$A$2:$A$145,$I$21,Media_Cliente_Mes!$B$2:$B$145,$A21),0) -> 0 | J27: =IFERROR(SUMIFS(Media_Cliente_Mes!$H$2:$H$145,Media_Cliente_Mes!$A$2:$A$145,$J$21,Media_Cliente_Mes!$B$2:$B$145,$A21),0) -> 0 | K27: =IFERROR(SUMIFS(Media_Cliente_Mes!$H$2:$H$145,Media_Cliente_Mes!$A$2:$A$145,$K$21,Media_Cliente_Mes!$B$2:$B$145,$A21),0) -> 0 | L27: =IFERROR(SUMIFS(Media_Cliente_Mes!$H$2:$H$145,Media_Cliente_Mes!$A$2:$A$145,$L$21,Media_Cliente_Mes!$B$2:$B$145,$A21),0) -> 0 | M27: =IFERROR(SUMIFS(Media_Cliente_Mes!$H$2:$H$145,Media_Cliente_Mes!$A$2:$A$145,$M$21,Media_Cliente_Mes!$B$2:$B$145,$A21),0) -> 0 | N27: =SUM(B27:M27) -> 74235.55
A28: Vol. Ferro (t) | B28: =IFERROR(SUMIFS(Media_Cliente_Mes!$I$2:$I$145,Media_Cliente_Mes!$A$2:$A$145,$B$21,Media_Cliente_Mes!$B$2:$B$145,$A21),0) -> 0 | C28: =IFERROR(SUMIFS(Media_Cliente_Mes!$I$2:$I$145,Media_Cliente_Mes!$A$2:$A$145,$C$21,Media_Cliente_Mes!$B$2:$B$145,$A21),0) -> 0 | D28: =IFERROR(SUMIFS(Media_Cliente_Mes!$I$2:$I$145,Media_Cliente_Mes!$A$2:$A$145,$D$21,Media_Cliente_Mes!$B$2:$B$145,$A21),0) -> 4915.32 | E28: =IFERROR(SUMIFS(Media_Cliente_Mes!$I$2:$I$145,Media_Cliente_Mes!$A$2:$A$145,$E$21,Media_Cliente_Mes!$B$2:$B$145,$A21),0) -> 37935.85 | F28: =IFERROR(SUMIFS(Media_Cliente_Mes!$I$2:$I$145,Media_Cliente_Mes!$A$2:$A$145,$F$21,Media_Cliente_Mes!$B$2:$B$145,$A21),0) -> 66365.71 | G28: =IFERROR(SUMIFS(Media_Cliente_Mes!$I$2:$I$145,Media_Cliente_Mes!$A$2:$A$145,$G$21,Media_Cliente_Mes!$B$2:$B$145,$A21),0) -> 57135.23 | H28: =IFERROR(SUMIFS(Media_Cliente_Mes!$I$2:$I$145,Media_Cliente_Mes!$A$2:$A$145,$H$21,Media_Cliente_Mes!$B$2:$B$145,$A21),0) -> 141.56 | I28: =IFERROR(SUMIFS(Media_Cliente_Mes!$I$2:$I$145,Media_Cliente_Mes!$A$2:$A$145,$I$21,Media_Cliente_Mes!$B$2:$B$145,$A21),0) -> 0 | J28: =IFERROR(SUMIFS(Media_Cliente_Mes!$I$2:$I$145,Media_Cliente_Mes!$A$2:$A$145,$J$21,Media_Cliente_Mes!$B$2:$B$145,$A21),0) -> 0 | K28: =IFERROR(SUMIFS(Media_Cliente_Mes!$I$2:$I$145,Media_Cliente_Mes!$A$2:$A$145,$K$21,Media_Cliente_Mes!$B$2:$B$145,$A21),0) -> 0 | L28: =IFERROR(SUMIFS(Media_Cliente_Mes!$I$2:$I$145,Media_Cliente_Mes!$A$2:$A$145,$L$21,Media_Cliente_Mes!$B$2:$B$145,$A21),0) -> 0 | M28: =IFERROR(SUMIFS(Media_Cliente_Mes!$I$2:$I$145,Media_Cliente_Mes!$A$2:$A$145,$M$21,Media_Cliente_Mes!$B$2:$B$145,$A21),0) -> 0 | N28: =SUM(B28:M28) -> 166493.67
A30: Abr | B30: Amaggi | C30: Brejeiro | D30: Caramuru | E30: Cargill | F30: Cofco | G30: 3Tentos | H30: Bunge | I30: ADM | J30: Aliança | K30: Olfar | L30: Novo06 | M30: Novo07 | N30: Media Pool
A31: Volume | B31: =IFERROR(SUMIFS(Media_Cliente_Mes!$C$2:$C$145,Media_Cliente_Mes!$A$2:$A$145,$B$30,Media_Cliente_Mes!$B$2:$B$145,$A30),0) -> 16786.6 | C31: =IFERROR(SUMIFS(Media_Cliente_Mes!$C$2:$C$145,Media_Cliente_Mes!$A$2:$A$145,$C$30,Media_Cliente_Mes!$B$2:$B$145,$A30),0) -> 53319.92 | D31: =IFERROR(SUMIFS(Media_Cliente_Mes!$C$2:$C$145,Media_Cliente_Mes!$A$2:$A$145,$D$30,Media_Cliente_Mes!$B$2:$B$145,$A30),0) -> 42872.69 | E31: =IFERROR(SUMIFS(Media_Cliente_Mes!$C$2:$C$145,Media_Cliente_Mes!$A$2:$A$145,$E$30,Media_Cliente_Mes!$B$2:$B$145,$A30),0) -> 53714.89 | F31: =IFERROR(SUMIFS(Media_Cliente_Mes!$C$2:$C$145,Media_Cliente_Mes!$A$2:$A$145,$F$30,Media_Cliente_Mes!$B$2:$B$145,$A30),0) -> 92764.41 | G31: =IFERROR(SUMIFS(Media_Cliente_Mes!$C$2:$C$145,Media_Cliente_Mes!$A$2:$A$145,$G$30,Media_Cliente_Mes!$B$2:$B$145,$A30),0) -> 88798.66 | H31: =IFERROR(SUMIFS(Media_Cliente_Mes!$C$2:$C$145,Media_Cliente_Mes!$A$2:$A$145,$H$30,Media_Cliente_Mes!$B$2:$B$145,$A30),0) -> 10176.79 | I31: =IFERROR(SUMIFS(Media_Cliente_Mes!$C$2:$C$145,Media_Cliente_Mes!$A$2:$A$145,$I$30,Media_Cliente_Mes!$B$2:$B$145,$A30),0) -> 0 | J31: =IFERROR(SUMIFS(Media_Cliente_Mes!$C$2:$C$145,Media_Cliente_Mes!$A$2:$A$145,$J$30,Media_Cliente_Mes!$B$2:$B$145,$A30),0) -> 0 | K31: =IFERROR(SUMIFS(Media_Cliente_Mes!$C$2:$C$145,Media_Cliente_Mes!$A$2:$A$145,$K$30,Media_Cliente_Mes!$B$2:$B$145,$A30),0) -> 0 | L31: =IFERROR(SUMIFS(Media_Cliente_Mes!$C$2:$C$145,Media_Cliente_Mes!$A$2:$A$145,$L$30,Media_Cliente_Mes!$B$2:$B$145,$A30),0) -> 0 | M31: =IFERROR(SUMIFS(Media_Cliente_Mes!$C$2:$C$145,Media_Cliente_Mes!$A$2:$A$145,$M$30,Media_Cliente_Mes!$B$2:$B$145,$A30),0) -> 0 | N31: =SUM(B31:M31) -> 358433.96
A32: Proteina Bruta (%) | B32: =IFERROR(SUMIFS(Media_Cliente_Mes!$D$2:$D$145,Media_Cliente_Mes!$A$2:$A$145,$B$30,Media_Cliente_Mes!$B$2:$B$145,$A30),0) -> 47.379249 | C32: =IFERROR(SUMIFS(Media_Cliente_Mes!$D$2:$D$145,Media_Cliente_Mes!$A$2:$A$145,$C$30,Media_Cliente_Mes!$B$2:$B$145,$A30),0) -> 47.844875 | D32: =IFERROR(SUMIFS(Media_Cliente_Mes!$D$2:$D$145,Media_Cliente_Mes!$A$2:$A$145,$D$30,Media_Cliente_Mes!$B$2:$B$145,$A30),0) -> 47.537638 | E32: =IFERROR(SUMIFS(Media_Cliente_Mes!$D$2:$D$145,Media_Cliente_Mes!$A$2:$A$145,$E$30,Media_Cliente_Mes!$B$2:$B$145,$A30),0) -> 47.586537 | F32: =IFERROR(SUMIFS(Media_Cliente_Mes!$D$2:$D$145,Media_Cliente_Mes!$A$2:$A$145,$F$30,Media_Cliente_Mes!$B$2:$B$145,$A30),0) -> 47.317298 | G32: =IFERROR(SUMIFS(Media_Cliente_Mes!$D$2:$D$145,Media_Cliente_Mes!$A$2:$A$145,$G$30,Media_Cliente_Mes!$B$2:$B$145,$A30),0) -> 47.601937 | H32: =IFERROR(SUMIFS(Media_Cliente_Mes!$D$2:$D$145,Media_Cliente_Mes!$A$2:$A$145,$H$30,Media_Cliente_Mes!$B$2:$B$145,$A30),0) -> 47.444279 | I32: =IFERROR(SUMIFS(Media_Cliente_Mes!$D$2:$D$145,Media_Cliente_Mes!$A$2:$A$145,$I$30,Media_Cliente_Mes!$B$2:$B$145,$A30),0) -> 0 | J32: =IFERROR(SUMIFS(Media_Cliente_Mes!$D$2:$D$145,Media_Cliente_Mes!$A$2:$A$145,$J$30,Media_Cliente_Mes!$B$2:$B$145,$A30),0) -> 0 | K32: =IFERROR(SUMIFS(Media_Cliente_Mes!$D$2:$D$145,Media_Cliente_Mes!$A$2:$A$145,$K$30,Media_Cliente_Mes!$B$2:$B$145,$A30),0) -> 0 | L32: =IFERROR(SUMIFS(Media_Cliente_Mes!$D$2:$D$145,Media_Cliente_Mes!$A$2:$A$145,$L$30,Media_Cliente_Mes!$B$2:$B$145,$A30),0) -> 0 | M32: =IFERROR(SUMIFS(Media_Cliente_Mes!$D$2:$D$145,Media_Cliente_Mes!$A$2:$A$145,$M$30,Media_Cliente_Mes!$B$2:$B$145,$A30),0) -> 0 | N32: =IFERROR(SUMPRODUCT(B31:M31,B32:M32)/SUM(B31:M31),0) -> 47.539506
A33: Umidade (%) | B33: =IFERROR(SUMIFS(Media_Cliente_Mes!$E$2:$E$145,Media_Cliente_Mes!$A$2:$A$145,$B$30,Media_Cliente_Mes!$B$2:$B$145,$A30),0) -> 12.275257 | C33: =IFERROR(SUMIFS(Media_Cliente_Mes!$E$2:$E$145,Media_Cliente_Mes!$A$2:$A$145,$C$30,Media_Cliente_Mes!$B$2:$B$145,$A30),0) -> 11.643986 | D33: =IFERROR(SUMIFS(Media_Cliente_Mes!$E$2:$E$145,Media_Cliente_Mes!$A$2:$A$145,$D$30,Media_Cliente_Mes!$B$2:$B$145,$A30),0) -> 13.002426 | E33: =IFERROR(SUMIFS(Media_Cliente_Mes!$E$2:$E$145,Media_Cliente_Mes!$A$2:$A$145,$E$30,Media_Cliente_Mes!$B$2:$B$145,$A30),0) -> 12.255133 | F33: =IFERROR(SUMIFS(Media_Cliente_Mes!$E$2:$E$145,Media_Cliente_Mes!$A$2:$A$145,$F$30,Media_Cliente_Mes!$B$2:$B$145,$A30),0) -> 12.448229 | G33: =IFERROR(SUMIFS(Media_Cliente_Mes!$E$2:$E$145,Media_Cliente_Mes!$A$2:$A$145,$G$30,Media_Cliente_Mes!$B$2:$B$145,$A30),0) -> 12.458098 | H33: =IFERROR(SUMIFS(Media_Cliente_Mes!$E$2:$E$145,Media_Cliente_Mes!$A$2:$A$145,$H$30,Media_Cliente_Mes!$B$2:$B$145,$A30),0) -> 12.459751 | I33: =IFERROR(SUMIFS(Media_Cliente_Mes!$E$2:$E$145,Media_Cliente_Mes!$A$2:$A$145,$I$30,Media_Cliente_Mes!$B$2:$B$145,$A30),0) -> 0 | J33: =IFERROR(SUMIFS(Media_Cliente_Mes!$E$2:$E$145,Media_Cliente_Mes!$A$2:$A$145,$J$30,Media_Cliente_Mes!$B$2:$B$145,$A30),0) -> 0 | K33: =IFERROR(SUMIFS(Media_Cliente_Mes!$E$2:$E$145,Media_Cliente_Mes!$A$2:$A$145,$K$30,Media_Cliente_Mes!$B$2:$B$145,$A30),0) -> 0 | L33: =IFERROR(SUMIFS(Media_Cliente_Mes!$E$2:$E$145,Media_Cliente_Mes!$A$2:$A$145,$L$30,Media_Cliente_Mes!$B$2:$B$145,$A30),0) -> 0 | M33: =IFERROR(SUMIFS(Media_Cliente_Mes!$E$2:$E$145,Media_Cliente_Mes!$A$2:$A$145,$M$30,Media_Cliente_Mes!$B$2:$B$145,$A30),0) -> 0 | N33: =IFERROR(SUMPRODUCT(B31:M31,B33:M33)/SUM(B31:M31),0) -> 12.360613
A34: Fibra (%) | B34: =IFERROR(SUMIFS(Media_Cliente_Mes!$F$2:$F$145,Media_Cliente_Mes!$A$2:$A$145,$B$30,Media_Cliente_Mes!$B$2:$B$145,$A30),0) -> 3.75 | C34: =IFERROR(SUMIFS(Media_Cliente_Mes!$F$2:$F$145,Media_Cliente_Mes!$A$2:$A$145,$C$30,Media_Cliente_Mes!$B$2:$B$145,$A30),0) -> 3.5823332 | D34: =IFERROR(SUMIFS(Media_Cliente_Mes!$F$2:$F$145,Media_Cliente_Mes!$A$2:$A$145,$D$30,Media_Cliente_Mes!$B$2:$B$145,$A30),0) -> 3.6055045 | E34: =IFERROR(SUMIFS(Media_Cliente_Mes!$F$2:$F$145,Media_Cliente_Mes!$A$2:$A$145,$E$30,Media_Cliente_Mes!$B$2:$B$145,$A30),0) -> 3.6579165 | F34: =IFERROR(SUMIFS(Media_Cliente_Mes!$F$2:$F$145,Media_Cliente_Mes!$A$2:$A$145,$F$30,Media_Cliente_Mes!$B$2:$B$145,$A30),0) -> 3.7610284 | G34: =IFERROR(SUMIFS(Media_Cliente_Mes!$F$2:$F$145,Media_Cliente_Mes!$A$2:$A$145,$G$30,Media_Cliente_Mes!$B$2:$B$145,$A30),0) -> 3.6137118 | H34: =IFERROR(SUMIFS(Media_Cliente_Mes!$F$2:$F$145,Media_Cliente_Mes!$A$2:$A$145,$H$30,Media_Cliente_Mes!$B$2:$B$145,$A30),0) -> 3.6968507 | I34: =IFERROR(SUMIFS(Media_Cliente_Mes!$F$2:$F$145,Media_Cliente_Mes!$A$2:$A$145,$I$30,Media_Cliente_Mes!$B$2:$B$145,$A30),0) -> 0 | J34: =IFERROR(SUMIFS(Media_Cliente_Mes!$F$2:$F$145,Media_Cliente_Mes!$A$2:$A$145,$J$30,Media_Cliente_Mes!$B$2:$B$145,$A30),0) -> 0 | K34: =IFERROR(SUMIFS(Media_Cliente_Mes!$F$2:$F$145,Media_Cliente_Mes!$A$2:$A$145,$K$30,Media_Cliente_Mes!$B$2:$B$145,$A30),0) -> 0 | L34: =IFERROR(SUMIFS(Media_Cliente_Mes!$F$2:$F$145,Media_Cliente_Mes!$A$2:$A$145,$L$30,Media_Cliente_Mes!$B$2:$B$145,$A30),0) -> 0 | M34: =IFERROR(SUMIFS(Media_Cliente_Mes!$F$2:$F$145,Media_Cliente_Mes!$A$2:$A$145,$M$30,Media_Cliente_Mes!$B$2:$B$145,$A30),0) -> 0 | N34: =IFERROR(SUMPRODUCT(B31:M31,B34:M34)/SUM(B31:M31),0) -> 3.6615564
A35: Oleo (%) | B35: =IFERROR(SUMIFS(Media_Cliente_Mes!$G$2:$G$145,Media_Cliente_Mes!$A$2:$A$145,$B$30,Media_Cliente_Mes!$B$2:$B$145,$A30),0) -> 1.6382478 | C35: =IFERROR(SUMIFS(Media_Cliente_Mes!$G$2:$G$145,Media_Cliente_Mes!$A$2:$A$145,$C$30,Media_Cliente_Mes!$B$2:$B$145,$A30),0) -> 1.3625796 | D35: =IFERROR(SUMIFS(Media_Cliente_Mes!$G$2:$G$145,Media_Cliente_Mes!$A$2:$A$145,$D$30,Media_Cliente_Mes!$B$2:$B$145,$A30),0) -> 1.2921132 | E35: =IFERROR(SUMIFS(Media_Cliente_Mes!$G$2:$G$145,Media_Cliente_Mes!$A$2:$A$145,$E$30,Media_Cliente_Mes!$B$2:$B$145,$A30),0) -> 1.7030581 | F35: =IFERROR(SUMIFS(Media_Cliente_Mes!$G$2:$G$145,Media_Cliente_Mes!$A$2:$A$145,$F$30,Media_Cliente_Mes!$B$2:$B$145,$A30),0) -> 1.5124015 | G35: =IFERROR(SUMIFS(Media_Cliente_Mes!$G$2:$G$145,Media_Cliente_Mes!$A$2:$A$145,$G$30,Media_Cliente_Mes!$B$2:$B$145,$A30),0) -> 1.6334797 | H35: =IFERROR(SUMIFS(Media_Cliente_Mes!$G$2:$G$145,Media_Cliente_Mes!$A$2:$A$145,$H$30,Media_Cliente_Mes!$B$2:$B$145,$A30),0) -> 1.8427868 | I35: =IFERROR(SUMIFS(Media_Cliente_Mes!$G$2:$G$145,Media_Cliente_Mes!$A$2:$A$145,$I$30,Media_Cliente_Mes!$B$2:$B$145,$A30),0) -> 0 | J35: =IFERROR(SUMIFS(Media_Cliente_Mes!$G$2:$G$145,Media_Cliente_Mes!$A$2:$A$145,$J$30,Media_Cliente_Mes!$B$2:$B$145,$A30),0) -> 0 | K35: =IFERROR(SUMIFS(Media_Cliente_Mes!$G$2:$G$145,Media_Cliente_Mes!$A$2:$A$145,$K$30,Media_Cliente_Mes!$B$2:$B$145,$A30),0) -> 0 | L35: =IFERROR(SUMIFS(Media_Cliente_Mes!$G$2:$G$145,Media_Cliente_Mes!$A$2:$A$145,$L$30,Media_Cliente_Mes!$B$2:$B$145,$A30),0) -> 0 | M35: =IFERROR(SUMIFS(Media_Cliente_Mes!$G$2:$G$145,Media_Cliente_Mes!$A$2:$A$145,$M$30,Media_Cliente_Mes!$B$2:$B$145,$A30),0) -> 0 | N35: =IFERROR(SUMPRODUCT(B31:M31,B35:M35)/SUM(B31:M31),0) -> 1.5376073
A36: Vol. Rodo (t) | B36: =IFERROR(SUMIFS(Media_Cliente_Mes!$H$2:$H$145,Media_Cliente_Mes!$A$2:$A$145,$B$30,Media_Cliente_Mes!$B$2:$B$145,$A30),0) -> 0 | C36: =IFERROR(SUMIFS(Media_Cliente_Mes!$H$2:$H$145,Media_Cliente_Mes!$A$2:$A$145,$C$30,Media_Cliente_Mes!$B$2:$B$145,$A30),0) -> 53319.92 | D36: =IFERROR(SUMIFS(Media_Cliente_Mes!$H$2:$H$145,Media_Cliente_Mes!$A$2:$A$145,$D$30,Media_Cliente_Mes!$B$2:$B$145,$A30),0) -> 9022.05 | E36: =IFERROR(SUMIFS(Media_Cliente_Mes!$H$2:$H$145,Media_Cliente_Mes!$A$2:$A$145,$E$30,Media_Cliente_Mes!$B$2:$B$145,$A30),0) -> 31236.13 | F36: =IFERROR(SUMIFS(Media_Cliente_Mes!$H$2:$H$145,Media_Cliente_Mes!$A$2:$A$145,$F$30,Media_Cliente_Mes!$B$2:$B$145,$A30),0) -> 0 | G36: =IFERROR(SUMIFS(Media_Cliente_Mes!$H$2:$H$145,Media_Cliente_Mes!$A$2:$A$145,$G$30,Media_Cliente_Mes!$B$2:$B$145,$A30),0) -> 28630.42 | H36: =IFERROR(SUMIFS(Media_Cliente_Mes!$H$2:$H$145,Media_Cliente_Mes!$A$2:$A$145,$H$30,Media_Cliente_Mes!$B$2:$B$145,$A30),0) -> 0 | I36: =IFERROR(SUMIFS(Media_Cliente_Mes!$H$2:$H$145,Media_Cliente_Mes!$A$2:$A$145,$I$30,Media_Cliente_Mes!$B$2:$B$145,$A30),0) -> 0 | J36: =IFERROR(SUMIFS(Media_Cliente_Mes!$H$2:$H$145,Media_Cliente_Mes!$A$2:$A$145,$J$30,Media_Cliente_Mes!$B$2:$B$145,$A30),0) -> 0 | K36: =IFERROR(SUMIFS(Media_Cliente_Mes!$H$2:$H$145,Media_Cliente_Mes!$A$2:$A$145,$K$30,Media_Cliente_Mes!$B$2:$B$145,$A30),0) -> 0 | L36: =IFERROR(SUMIFS(Media_Cliente_Mes!$H$2:$H$145,Media_Cliente_Mes!$A$2:$A$145,$L$30,Media_Cliente_Mes!$B$2:$B$145,$A30),0) -> 0 | M36: =IFERROR(SUMIFS(Media_Cliente_Mes!$H$2:$H$145,Media_Cliente_Mes!$A$2:$A$145,$M$30,Media_Cliente_Mes!$B$2:$B$145,$A30),0) -> 0 | N36: =SUM(B36:M36) -> 122208.52
A37: Vol. Ferro (t) | B37: =IFERROR(SUMIFS(Media_Cliente_Mes!$I$2:$I$145,Media_Cliente_Mes!$A$2:$A$145,$B$30,Media_Cliente_Mes!$B$2:$B$145,$A30),0) -> 16786.6 | C37: =IFERROR(SUMIFS(Media_Cliente_Mes!$I$2:$I$145,Media_Cliente_Mes!$A$2:$A$145,$C$30,Media_Cliente_Mes!$B$2:$B$145,$A30),0) -> 0 | D37: =IFERROR(SUMIFS(Media_Cliente_Mes!$I$2:$I$145,Media_Cliente_Mes!$A$2:$A$145,$D$30,Media_Cliente_Mes!$B$2:$B$145,$A30),0) -> 33850.64 | E37: =IFERROR(SUMIFS(Media_Cliente_Mes!$I$2:$I$145,Media_Cliente_Mes!$A$2:$A$145,$E$30,Media_Cliente_Mes!$B$2:$B$145,$A30),0) -> 22478.76 | F37: =IFERROR(SUMIFS(Media_Cliente_Mes!$I$2:$I$145,Media_Cliente_Mes!$A$2:$A$145,$F$30,Media_Cliente_Mes!$B$2:$B$145,$A30),0) -> 92764.41 | G37: =IFERROR(SUMIFS(Media_Cliente_Mes!$I$2:$I$145,Media_Cliente_Mes!$A$2:$A$145,$G$30,Media_Cliente_Mes!$B$2:$B$145,$A30),0) -> 60168.24 | H37: =IFERROR(SUMIFS(Media_Cliente_Mes!$I$2:$I$145,Media_Cliente_Mes!$A$2:$A$145,$H$30,Media_Cliente_Mes!$B$2:$B$145,$A30),0) -> 10176.79 | I37: =IFERROR(SUMIFS(Media_Cliente_Mes!$I$2:$I$145,Media_Cliente_Mes!$A$2:$A$145,$I$30,Media_Cliente_Mes!$B$2:$B$145,$A30),0) -> 0 | J37: =IFERROR(SUMIFS(Media_Cliente_Mes!$I$2:$I$145,Media_Cliente_Mes!$A$2:$A$145,$J$30,Media_Cliente_Mes!$B$2:$B$145,$A30),0) -> 0 | K37: =IFERROR(SUMIFS(Media_Cliente_Mes!$I$2:$I$145,Media_Cliente_Mes!$A$2:$A$145,$K$30,Media_Cliente_Mes!$B$2:$B$145,$A30),0) -> 0 | L37: =IFERROR(SUMIFS(Media_Cliente_Mes!$I$2:$I$145,Media_Cliente_Mes!$A$2:$A$145,$L$30,Media_Cliente_Mes!$B$2:$B$145,$A30),0) -> 0 | M37: =IFERROR(SUMIFS(Media_Cliente_Mes!$I$2:$I$145,Media_Cliente_Mes!$A$2:$A$145,$M$30,Media_Cliente_Mes!$B$2:$B$145,$A30),0) -> 0 | N37: =SUM(B37:M37) -> 236225.44
A39: Mai | B39: Amaggi | C39: Brejeiro | D39: Caramuru | E39: Cargill | F39: Cofco | G39: 3Tentos | H39: Bunge | I39: ADM | J39: Aliança | K39: Olfar | L39: Novo06 | M39: Novo07 | N39: Media Pool
A40: Volume | B40: =IFERROR(SUMIFS(Media_Cliente_Mes!$C$2:$C$145,Media_Cliente_Mes!$A$2:$A$145,$B$39,Media_Cliente_Mes!$B$2:$B$145,$A39),0) -> 43820.37 | C40: =IFERROR(SUMIFS(Media_Cliente_Mes!$C$2:$C$145,Media_Cliente_Mes!$A$2:$A$145,$C$39,Media_Cliente_Mes!$B$2:$B$145,$A39),0) -> 49598.12 | D40: =IFERROR(SUMIFS(Media_Cliente_Mes!$C$2:$C$145,Media_Cliente_Mes!$A$2:$A$145,$D$39,Media_Cliente_Mes!$B$2:$B$145,$A39),0) -> 17619.63 | E40: =IFERROR(SUMIFS(Media_Cliente_Mes!$C$2:$C$145,Media_Cliente_Mes!$A$2:$A$145,$E$39,Media_Cliente_Mes!$B$2:$B$145,$A39),0) -> 53120.9 | F40: =IFERROR(SUMIFS(Media_Cliente_Mes!$C$2:$C$145,Media_Cliente_Mes!$A$2:$A$145,$F$39,Media_Cliente_Mes!$B$2:$B$145,$A39),0) -> 63744.72 | G40: =IFERROR(SUMIFS(Media_Cliente_Mes!$C$2:$C$145,Media_Cliente_Mes!$A$2:$A$145,$G$39,Media_Cliente_Mes!$B$2:$B$145,$A39),0) -> 62604.74 | H40: =IFERROR(SUMIFS(Media_Cliente_Mes!$C$2:$C$145,Media_Cliente_Mes!$A$2:$A$145,$H$39,Media_Cliente_Mes!$B$2:$B$145,$A39),0) -> 0 | I40: =IFERROR(SUMIFS(Media_Cliente_Mes!$C$2:$C$145,Media_Cliente_Mes!$A$2:$A$145,$I$39,Media_Cliente_Mes!$B$2:$B$145,$A39),0) -> 0 | J40: =IFERROR(SUMIFS(Media_Cliente_Mes!$C$2:$C$145,Media_Cliente_Mes!$A$2:$A$145,$J$39,Media_Cliente_Mes!$B$2:$B$145,$A39),0) -> 0 | K40: =IFERROR(SUMIFS(Media_Cliente_Mes!$C$2:$C$145,Media_Cliente_Mes!$A$2:$A$145,$K$39,Media_Cliente_Mes!$B$2:$B$145,$A39),0) -> 0 | L40: =IFERROR(SUMIFS(Media_Cliente_Mes!$C$2:$C$145,Media_Cliente_Mes!$A$2:$A$145,$L$39,Media_Cliente_Mes!$B$2:$B$145,$A39),0) -> 0 | M40: =IFERROR(SUMIFS(Media_Cliente_Mes!$C$2:$C$145,Media_Cliente_Mes!$A$2:$A$145,$M$39,Media_Cliente_Mes!$B$2:$B$145,$A39),0) -> 0 | N40: =SUM(B40:M40) -> 290508.48
A41: Proteina Bruta (%) | B41: =IFERROR(SUMIFS(Media_Cliente_Mes!$D$2:$D$145,Media_Cliente_Mes!$A$2:$A$145,$B$39,Media_Cliente_Mes!$B$2:$B$145,$A39),0) -> 47.583075 | C41: =IFERROR(SUMIFS(Media_Cliente_Mes!$D$2:$D$145,Media_Cliente_Mes!$A$2:$A$145,$C$39,Media_Cliente_Mes!$B$2:$B$145,$A39),0) -> 48.05034 | D41: =IFERROR(SUMIFS(Media_Cliente_Mes!$D$2:$D$145,Media_Cliente_Mes!$A$2:$A$145,$D$39,Media_Cliente_Mes!$B$2:$B$145,$A39),0) -> 47.450584 | E41: =IFERROR(SUMIFS(Media_Cliente_Mes!$D$2:$D$145,Media_Cliente_Mes!$A$2:$A$145,$E$39,Media_Cliente_Mes!$B$2:$B$145,$A39),0) -> 47.449685 | F41: =IFERROR(SUMIFS(Media_Cliente_Mes!$D$2:$D$145,Media_Cliente_Mes!$A$2:$A$145,$F$39,Media_Cliente_Mes!$B$2:$B$145,$A39),0) -> 47.685834 | G41: =IFERROR(SUMIFS(Media_Cliente_Mes!$D$2:$D$145,Media_Cliente_Mes!$A$2:$A$145,$G$39,Media_Cliente_Mes!$B$2:$B$145,$A39),0) -> 47.492541 | H41: =IFERROR(SUMIFS(Media_Cliente_Mes!$D$2:$D$145,Media_Cliente_Mes!$A$2:$A$145,$H$39,Media_Cliente_Mes!$B$2:$B$145,$A39),0) -> 0 | I41: =IFERROR(SUMIFS(Media_Cliente_Mes!$D$2:$D$145,Media_Cliente_Mes!$A$2:$A$145,$I$39,Media_Cliente_Mes!$B$2:$B$145,$A39),0) -> 0 | J41: =IFERROR(SUMIFS(Media_Cliente_Mes!$D$2:$D$145,Media_Cliente_Mes!$A$2:$A$145,$J$39,Media_Cliente_Mes!$B$2:$B$145,$A39),0) -> 0 | K41: =IFERROR(SUMIFS(Media_Cliente_Mes!$D$2:$D$145,Media_Cliente_Mes!$A$2:$A$145,$K$39,Media_Cliente_Mes!$B$2:$B$145,$A39),0) -> 0 | L41: =IFERROR(SUMIFS(Media_Cliente_Mes!$D$2:$D$145,Media_Cliente_Mes!$A$2:$A$145,$L$39,Media_Cliente_Mes!$B$2:$B$145,$A39),0) -> 0 | M41: =IFERROR(SUMIFS(Media_Cliente_Mes!$D$2:$D$145,Media_Cliente_Mes!$A$2:$A$145,$M$39,Media_Cliente_Mes!$B$2:$B$145,$A39),0) -> 0 | N41: =IFERROR(SUMPRODUCT(B40:M40,B41:M41)/SUM(B40:M40),0) -> 47.633461
A42: Umidade (%) | B42: =IFERROR(SUMIFS(Media_Cliente_Mes!$E$2:$E$145,Media_Cliente_Mes!$A$2:$A$145,$B$39,Media_Cliente_Mes!$B$2:$B$145,$A39),0) -> 12.388954 | C42: =IFERROR(SUMIFS(Media_Cliente_Mes!$E$2:$E$145,Media_Cliente_Mes!$A$2:$A$145,$C$39,Media_Cliente_Mes!$B$2:$B$145,$A39),0) -> 11.668975 | D42: =IFERROR(SUMIFS(Media_Cliente_Mes!$E$2:$E$145,Media_Cliente_Mes!$A$2:$A$145,$D$39,Media_Cliente_Mes!$B$2:$B$145,$A39),0) -> 12.782202 | E42: =IFERROR(SUMIFS(Media_Cliente_Mes!$E$2:$E$145,Media_Cliente_Mes!$A$2:$A$145,$E$39,Media_Cliente_Mes!$B$2:$B$145,$A39),0) -> 12.356194 | F42: =IFERROR(SUMIFS(Media_Cliente_Mes!$E$2:$E$145,Media_Cliente_Mes!$A$2:$A$145,$F$39,Media_Cliente_Mes!$B$2:$B$145,$A39),0) -> 12.507504 | G42: =IFERROR(SUMIFS(Media_Cliente_Mes!$E$2:$E$145,Media_Cliente_Mes!$A$2:$A$145,$G$39,Media_Cliente_Mes!$B$2:$B$145,$A39),0) -> 12.399482 | H42: =IFERROR(SUMIFS(Media_Cliente_Mes!$E$2:$E$145,Media_Cliente_Mes!$A$2:$A$145,$H$39,Media_Cliente_Mes!$B$2:$B$145,$A39),0) -> 0 | I42: =IFERROR(SUMIFS(Media_Cliente_Mes!$E$2:$E$145,Media_Cliente_Mes!$A$2:$A$145,$I$39,Media_Cliente_Mes!$B$2:$B$145,$A39),0) -> 0 | J42: =IFERROR(SUMIFS(Media_Cliente_Mes!$E$2:$E$145,Media_Cliente_Mes!$A$2:$A$145,$J$39,Media_Cliente_Mes!$B$2:$B$145,$A39),0) -> 0 | K42: =IFERROR(SUMIFS(Media_Cliente_Mes!$E$2:$E$145,Media_Cliente_Mes!$A$2:$A$145,$K$39,Media_Cliente_Mes!$B$2:$B$145,$A39),0) -> 0 | L42: =IFERROR(SUMIFS(Media_Cliente_Mes!$E$2:$E$145,Media_Cliente_Mes!$A$2:$A$145,$L$39,Media_Cliente_Mes!$B$2:$B$145,$A39),0) -> 0 | M42: =IFERROR(SUMIFS(Media_Cliente_Mes!$E$2:$E$145,Media_Cliente_Mes!$A$2:$A$145,$M$39,Media_Cliente_Mes!$B$2:$B$145,$A39),0) -> 0 | N42: =IFERROR(SUMPRODUCT(B40:M40,B42:M42)/SUM(B40:M40),0) -> 12.312175
A43: Fibra (%) | B43: =IFERROR(SUMIFS(Media_Cliente_Mes!$F$2:$F$145,Media_Cliente_Mes!$A$2:$A$145,$B$39,Media_Cliente_Mes!$B$2:$B$145,$A39),0) -> 3.637719 | C43: =IFERROR(SUMIFS(Media_Cliente_Mes!$F$2:$F$145,Media_Cliente_Mes!$A$2:$A$145,$C$39,Media_Cliente_Mes!$B$2:$B$145,$A39),0) -> 3.5101214 | D43: =IFERROR(SUMIFS(Media_Cliente_Mes!$F$2:$F$145,Media_Cliente_Mes!$A$2:$A$145,$D$39,Media_Cliente_Mes!$B$2:$B$145,$A39),0) -> 3.6971621 | E43: =IFERROR(SUMIFS(Media_Cliente_Mes!$F$2:$F$145,Media_Cliente_Mes!$A$2:$A$145,$E$39,Media_Cliente_Mes!$B$2:$B$145,$A39),0) -> 3.6931851 | F43: =IFERROR(SUMIFS(Media_Cliente_Mes!$F$2:$F$145,Media_Cliente_Mes!$A$2:$A$145,$F$39,Media_Cliente_Mes!$B$2:$B$145,$A39),0) -> 3.5971201 | G43: =IFERROR(SUMIFS(Media_Cliente_Mes!$F$2:$F$145,Media_Cliente_Mes!$A$2:$A$145,$G$39,Media_Cliente_Mes!$B$2:$B$145,$A39),0) -> 3.7512945 | H43: =IFERROR(SUMIFS(Media_Cliente_Mes!$F$2:$F$145,Media_Cliente_Mes!$A$2:$A$145,$H$39,Media_Cliente_Mes!$B$2:$B$145,$A39),0) -> 0 | I43: =IFERROR(SUMIFS(Media_Cliente_Mes!$F$2:$F$145,Media_Cliente_Mes!$A$2:$A$145,$I$39,Media_Cliente_Mes!$B$2:$B$145,$A39),0) -> 0 | J43: =IFERROR(SUMIFS(Media_Cliente_Mes!$F$2:$F$145,Media_Cliente_Mes!$A$2:$A$145,$J$39,Media_Cliente_Mes!$B$2:$B$145,$A39),0) -> 0 | K43: =IFERROR(SUMIFS(Media_Cliente_Mes!$F$2:$F$145,Media_Cliente_Mes!$A$2:$A$145,$K$39,Media_Cliente_Mes!$B$2:$B$145,$A39),0) -> 0 | L43: =IFERROR(SUMIFS(Media_Cliente_Mes!$F$2:$F$145,Media_Cliente_Mes!$A$2:$A$145,$L$39,Media_Cliente_Mes!$B$2:$B$145,$A39),0) -> 0 | M43: =IFERROR(SUMIFS(Media_Cliente_Mes!$F$2:$F$145,Media_Cliente_Mes!$A$2:$A$145,$M$39,Media_Cliente_Mes!$B$2:$B$145,$A39),0) -> 0 | N43: =IFERROR(SUMPRODUCT(B40:M40,B43:M43)/SUM(B40:M40),0) -> 3.6452492
A44: Oleo (%) | B44: =IFERROR(SUMIFS(Media_Cliente_Mes!$G$2:$G$145,Media_Cliente_Mes!$A$2:$A$145,$B$39,Media_Cliente_Mes!$B$2:$B$145,$A39),0) -> 1.7407996 | C44: =IFERROR(SUMIFS(Media_Cliente_Mes!$G$2:$G$145,Media_Cliente_Mes!$A$2:$A$145,$C$39,Media_Cliente_Mes!$B$2:$B$145,$A39),0) -> 1.0572907 | D44: =IFERROR(SUMIFS(Media_Cliente_Mes!$G$2:$G$145,Media_Cliente_Mes!$A$2:$A$145,$D$39,Media_Cliente_Mes!$B$2:$B$145,$A39),0) -> 1.3727063 | E44: =IFERROR(SUMIFS(Media_Cliente_Mes!$G$2:$G$145,Media_Cliente_Mes!$A$2:$A$145,$E$39,Media_Cliente_Mes!$B$2:$B$145,$A39),0) -> 1.5663225 | F44: =IFERROR(SUMIFS(Media_Cliente_Mes!$G$2:$G$145,Media_Cliente_Mes!$A$2:$A$145,$F$39,Media_Cliente_Mes!$B$2:$B$145,$A39),0) -> 1.5129967 | G44: =IFERROR(SUMIFS(Media_Cliente_Mes!$G$2:$G$145,Media_Cliente_Mes!$A$2:$A$145,$G$39,Media_Cliente_Mes!$B$2:$B$145,$A39),0) -> 1.6846141 | H44: =IFERROR(SUMIFS(Media_Cliente_Mes!$G$2:$G$145,Media_Cliente_Mes!$A$2:$A$145,$H$39,Media_Cliente_Mes!$B$2:$B$145,$A39),0) -> 0 | I44: =IFERROR(SUMIFS(Media_Cliente_Mes!$G$2:$G$145,Media_Cliente_Mes!$A$2:$A$145,$I$39,Media_Cliente_Mes!$B$2:$B$145,$A39),0) -> 0 | J44: =IFERROR(SUMIFS(Media_Cliente_Mes!$G$2:$G$145,Media_Cliente_Mes!$A$2:$A$145,$J$39,Media_Cliente_Mes!$B$2:$B$145,$A39),0) -> 0 | K44: =IFERROR(SUMIFS(Media_Cliente_Mes!$G$2:$G$145,Media_Cliente_Mes!$A$2:$A$145,$K$39,Media_Cliente_Mes!$B$2:$B$145,$A39),0) -> 0 | L44: =IFERROR(SUMIFS(Media_Cliente_Mes!$G$2:$G$145,Media_Cliente_Mes!$A$2:$A$145,$L$39,Media_Cliente_Mes!$B$2:$B$145,$A39),0) -> 0 | M44: =IFERROR(SUMIFS(Media_Cliente_Mes!$G$2:$G$145,Media_Cliente_Mes!$A$2:$A$145,$M$39,Media_Cliente_Mes!$B$2:$B$145,$A39),0) -> 0 | N44: =IFERROR(SUMPRODUCT(B40:M40,B44:M44)/SUM(B40:M40),0) -> 1.5077822
A45: Vol. Rodo (t) | B45: =IFERROR(SUMIFS(Media_Cliente_Mes!$H$2:$H$145,Media_Cliente_Mes!$A$2:$A$145,$B$39,Media_Cliente_Mes!$B$2:$B$145,$A39),0) -> 0 | C45: =IFERROR(SUMIFS(Media_Cliente_Mes!$H$2:$H$145,Media_Cliente_Mes!$A$2:$A$145,$C$39,Media_Cliente_Mes!$B$2:$B$145,$A39),0) -> 49598.12 | D45: =IFERROR(SUMIFS(Media_Cliente_Mes!$H$2:$H$145,Media_Cliente_Mes!$A$2:$A$145,$D$39,Media_Cliente_Mes!$B$2:$B$145,$A39),0) -> 2946.95 | E45: =IFERROR(SUMIFS(Media_Cliente_Mes!$H$2:$H$145,Media_Cliente_Mes!$A$2:$A$145,$E$39,Media_Cliente_Mes!$B$2:$B$145,$A39),0) -> 28076.92 | F45: =IFERROR(SUMIFS(Media_Cliente_Mes!$H$2:$H$145,Media_Cliente_Mes!$A$2:$A$145,$F$39,Media_Cliente_Mes!$B$2:$B$145,$A39),0) -> 4750.58 | G45: =IFERROR(SUMIFS(Media_Cliente_Mes!$H$2:$H$145,Media_Cliente_Mes!$A$2:$A$145,$G$39,Media_Cliente_Mes!$B$2:$B$145,$A39),0) -> 17880.02 | H45: =IFERROR(SUMIFS(Media_Cliente_Mes!$H$2:$H$145,Media_Cliente_Mes!$A$2:$A$145,$H$39,Media_Cliente_Mes!$B$2:$B$145,$A39),0) -> 0 | I45: =IFERROR(SUMIFS(Media_Cliente_Mes!$H$2:$H$145,Media_Cliente_Mes!$A$2:$A$145,$I$39,Media_Cliente_Mes!$B$2:$B$145,$A39),0) -> 0 | J45: =IFERROR(SUMIFS(Media_Cliente_Mes!$H$2:$H$145,Media_Cliente_Mes!$A$2:$A$145,$J$39,Media_Cliente_Mes!$B$2:$B$145,$A39),0) -> 0 | K45: =IFERROR(SUMIFS(Media_Cliente_Mes!$H$2:$H$145,Media_Cliente_Mes!$A$2:$A$145,$K$39,Media_Cliente_Mes!$B$2:$B$145,$A39),0) -> 0 | L45: =IFERROR(SUMIFS(Media_Cliente_Mes!$H$2:$H$145,Media_Cliente_Mes!$A$2:$A$145,$L$39,Media_Cliente_Mes!$B$2:$B$145,$A39),0) -> 0 | M45: =IFERROR(SUMIFS(Media_Cliente_Mes!$H$2:$H$145,Media_Cliente_Mes!$A$2:$A$145,$M$39,Media_Cliente_Mes!$B$2:$B$145,$A39),0) -> 0 | N45: =SUM(B45:M45) -> 103252.59
A46: Vol. Ferro (t) | B46: =IFERROR(SUMIFS(Media_Cliente_Mes!$I$2:$I$145,Media_Cliente_Mes!$A$2:$A$145,$B$39,Media_Cliente_Mes!$B$2:$B$145,$A39),0) -> 43820.37 | C46: =IFERROR(SUMIFS(Media_Cliente_Mes!$I$2:$I$145,Media_Cliente_Mes!$A$2:$A$145,$C$39,Media_Cliente_Mes!$B$2:$B$145,$A39),0) -> 0 | D46: =IFERROR(SUMIFS(Media_Cliente_Mes!$I$2:$I$145,Media_Cliente_Mes!$A$2:$A$145,$D$39,Media_Cliente_Mes!$B$2:$B$145,$A39),0) -> 14672.68 | E46: =IFERROR(SUMIFS(Media_Cliente_Mes!$I$2:$I$145,Media_Cliente_Mes!$A$2:$A$145,$E$39,Media_Cliente_Mes!$B$2:$B$145,$A39),0) -> 25043.98 | F46: =IFERROR(SUMIFS(Media_Cliente_Mes!$I$2:$I$145,Media_Cliente_Mes!$A$2:$A$145,$F$39,Media_Cliente_Mes!$B$2:$B$145,$A39),0) -> 58994.14 | G46: =IFERROR(SUMIFS(Media_Cliente_Mes!$I$2:$I$145,Media_Cliente_Mes!$A$2:$A$145,$G$39,Media_Cliente_Mes!$B$2:$B$145,$A39),0) -> 44724.72 | H46: =IFERROR(SUMIFS(Media_Cliente_Mes!$I$2:$I$145,Media_Cliente_Mes!$A$2:$A$145,$H$39,Media_Cliente_Mes!$B$2:$B$145,$A39),0) -> 0 | I46: =IFERROR(SUMIFS(Media_Cliente_Mes!$I$2:$I$145,Media_Cliente_Mes!$A$2:$A$145,$I$39,Media_Cliente_Mes!$B$2:$B$145,$A39),0) -> 0 | J46: =IFERROR(SUMIFS(Media_Cliente_Mes!$I$2:$I$145,Media_Cliente_Mes!$A$2:$A$145,$J$39,Media_Cliente_Mes!$B$2:$B$145,$A39),0) -> 0 | K46: =IFERROR(SUMIFS(Media_Cliente_Mes!$I$2:$I$145,Media_Cliente_Mes!$A$2:$A$145,$K$39,Media_Cliente_Mes!$B$2:$B$145,$A39),0) -> 0 | L46: =IFERROR(SUMIFS(Media_Cliente_Mes!$I$2:$I$145,Media_Cliente_Mes!$A$2:$A$145,$L$39,Media_Cliente_Mes!$B$2:$B$145,$A39),0) -> 0 | M46: =IFERROR(SUMIFS(Media_Cliente_Mes!$I$2:$I$145,Media_Cliente_Mes!$A$2:$A$145,$M$39,Media_Cliente_Mes!$B$2:$B$145,$A39),0) -> 0 | N46: =SUM(B46:M46) -> 187255.89
A48: Jun | B48: Amaggi | C48: Brejeiro | D48: Caramuru | E48: Cargill | F48: Cofco | G48: 3Tentos | H48: Bunge | I48: ADM | J48: Aliança | K48: Olfar | L48: Novo06 | M48: Novo07 | N48: Media Pool
A49: Volume | B49: =IFERROR(SUMIFS(Media_Cliente_Mes!$C$2:$C$145,Media_Cliente_Mes!$A$2:$A$145,$B$48,Media_Cliente_Mes!$B$2:$B$145,$A48),0) -> 41353.91 | C49: =IFERROR(SUMIFS(Media_Cliente_Mes!$C$2:$C$145,Media_Cliente_Mes!$A$2:$A$145,$C$48,Media_Cliente_Mes!$B$2:$B$145,$A48),0) -> 45020.35 | D49: =IFERROR(SUMIFS(Media_Cliente_Mes!$C$2:$C$145,Media_Cliente_Mes!$A$2:$A$145,$D$48,Media_Cliente_Mes!$B$2:$B$145,$A48),0) -> 41497.14 | E49: =IFERROR(SUMIFS(Media_Cliente_Mes!$C$2:$C$145,Media_Cliente_Mes!$A$2:$A$145,$E$48,Media_Cliente_Mes!$B$2:$B$145,$A48),0) -> 40336.83 | F49: =IFERROR(SUMIFS(Media_Cliente_Mes!$C$2:$C$145,Media_Cliente_Mes!$A$2:$A$145,$F$48,Media_Cliente_Mes!$B$2:$B$145,$A48),0) -> 94743.83 | G49: =IFERROR(SUMIFS(Media_Cliente_Mes!$C$2:$C$145,Media_Cliente_Mes!$A$2:$A$145,$G$48,Media_Cliente_Mes!$B$2:$B$145,$A48),0) -> 51533.03 | H49: =IFERROR(SUMIFS(Media_Cliente_Mes!$C$2:$C$145,Media_Cliente_Mes!$A$2:$A$145,$H$48,Media_Cliente_Mes!$B$2:$B$145,$A48),0) -> 33179.88 | I49: =IFERROR(SUMIFS(Media_Cliente_Mes!$C$2:$C$145,Media_Cliente_Mes!$A$2:$A$145,$I$48,Media_Cliente_Mes!$B$2:$B$145,$A48),0) -> 0 | J49: =IFERROR(SUMIFS(Media_Cliente_Mes!$C$2:$C$145,Media_Cliente_Mes!$A$2:$A$145,$J$48,Media_Cliente_Mes!$B$2:$B$145,$A48),0) -> 0 | K49: =IFERROR(SUMIFS(Media_Cliente_Mes!$C$2:$C$145,Media_Cliente_Mes!$A$2:$A$145,$K$48,Media_Cliente_Mes!$B$2:$B$145,$A48),0) -> 0 | L49: =IFERROR(SUMIFS(Media_Cliente_Mes!$C$2:$C$145,Media_Cliente_Mes!$A$2:$A$145,$L$48,Media_Cliente_Mes!$B$2:$B$145,$A48),0) -> 0 | M49: =IFERROR(SUMIFS(Media_Cliente_Mes!$C$2:$C$145,Media_Cliente_Mes!$A$2:$A$145,$M$48,Media_Cliente_Mes!$B$2:$B$145,$A48),0) -> 0 | N49: =SUM(B49:M49) -> 347664.97
A50: Proteina Bruta (%) | B50: =IFERROR(SUMIFS(Media_Cliente_Mes!$D$2:$D$145,Media_Cliente_Mes!$A$2:$A$145,$B$48,Media_Cliente_Mes!$B$2:$B$145,$A48),0) -> 47.497098 | C50: =IFERROR(SUMIFS(Media_Cliente_Mes!$D$2:$D$145,Media_Cliente_Mes!$A$2:$A$145,$C$48,Media_Cliente_Mes!$B$2:$B$145,$A48),0) -> 47.761216 | D50: =IFERROR(SUMIFS(Media_Cliente_Mes!$D$2:$D$145,Media_Cliente_Mes!$A$2:$A$145,$D$48,Media_Cliente_Mes!$B$2:$B$145,$A48),0) -> 47.52183 | E50: =IFERROR(SUMIFS(Media_Cliente_Mes!$D$2:$D$145,Media_Cliente_Mes!$A$2:$A$145,$E$48,Media_Cliente_Mes!$B$2:$B$145,$A48),0) -> 47.444028 | F50: =IFERROR(SUMIFS(Media_Cliente_Mes!$D$2:$D$145,Media_Cliente_Mes!$A$2:$A$145,$F$48,Media_Cliente_Mes!$B$2:$B$145,$A48),0) -> 47.444134 | G50: =IFERROR(SUMIFS(Media_Cliente_Mes!$D$2:$D$145,Media_Cliente_Mes!$A$2:$A$145,$G$48,Media_Cliente_Mes!$B$2:$B$145,$A48),0) -> 47.412002 | H50: =IFERROR(SUMIFS(Media_Cliente_Mes!$D$2:$D$145,Media_Cliente_Mes!$A$2:$A$145,$H$48,Media_Cliente_Mes!$B$2:$B$145,$A48),0) -> 47.312424 | I50: =IFERROR(SUMIFS(Media_Cliente_Mes!$D$2:$D$145,Media_Cliente_Mes!$A$2:$A$145,$I$48,Media_Cliente_Mes!$B$2:$B$145,$A48),0) -> 0 | J50: =IFERROR(SUMIFS(Media_Cliente_Mes!$D$2:$D$145,Media_Cliente_Mes!$A$2:$A$145,$J$48,Media_Cliente_Mes!$B$2:$B$145,$A48),0) -> 0 | K50: =IFERROR(SUMIFS(Media_Cliente_Mes!$D$2:$D$145,Media_Cliente_Mes!$A$2:$A$145,$K$48,Media_Cliente_Mes!$B$2:$B$145,$A48),0) -> 0 | L50: =IFERROR(SUMIFS(Media_Cliente_Mes!$D$2:$D$145,Media_Cliente_Mes!$A$2:$A$145,$L$48,Media_Cliente_Mes!$B$2:$B$145,$A48),0) -> 0 | M50: =IFERROR(SUMIFS(Media_Cliente_Mes!$D$2:$D$145,Media_Cliente_Mes!$A$2:$A$145,$M$48,Media_Cliente_Mes!$B$2:$B$145,$A48),0) -> 0 | N50: =IFERROR(SUMPRODUCT(B49:M49,B50:M50)/SUM(B49:M49),0) -> 47.483423
A51: Umidade (%) | B51: =IFERROR(SUMIFS(Media_Cliente_Mes!$E$2:$E$145,Media_Cliente_Mes!$A$2:$A$145,$B$48,Media_Cliente_Mes!$B$2:$B$145,$A48),0) -> 12.413718 | C51: =IFERROR(SUMIFS(Media_Cliente_Mes!$E$2:$E$145,Media_Cliente_Mes!$A$2:$A$145,$C$48,Media_Cliente_Mes!$B$2:$B$145,$A48),0) -> 12.278509 | D51: =IFERROR(SUMIFS(Media_Cliente_Mes!$E$2:$E$145,Media_Cliente_Mes!$A$2:$A$145,$D$48,Media_Cliente_Mes!$B$2:$B$145,$A48),0) -> 13.53593 | E51: =IFERROR(SUMIFS(Media_Cliente_Mes!$E$2:$E$145,Media_Cliente_Mes!$A$2:$A$145,$E$48,Media_Cliente_Mes!$B$2:$B$145,$A48),0) -> 12.752489 | F51: =IFERROR(SUMIFS(Media_Cliente_Mes!$E$2:$E$145,Media_Cliente_Mes!$A$2:$A$145,$F$48,Media_Cliente_Mes!$B$2:$B$145,$A48),0) -> 12.466456 | G51: =IFERROR(SUMIFS(Media_Cliente_Mes!$E$2:$E$145,Media_Cliente_Mes!$A$2:$A$145,$G$48,Media_Cliente_Mes!$B$2:$B$145,$A48),0) -> 12.498617 | H51: =IFERROR(SUMIFS(Media_Cliente_Mes!$E$2:$E$145,Media_Cliente_Mes!$A$2:$A$145,$H$48,Media_Cliente_Mes!$B$2:$B$145,$A48),0) -> 12.687117 | I51: =IFERROR(SUMIFS(Media_Cliente_Mes!$E$2:$E$145,Media_Cliente_Mes!$A$2:$A$145,$I$48,Media_Cliente_Mes!$B$2:$B$145,$A48),0) -> 0 | J51: =IFERROR(SUMIFS(Media_Cliente_Mes!$E$2:$E$145,Media_Cliente_Mes!$A$2:$A$145,$J$48,Media_Cliente_Mes!$B$2:$B$145,$A48),0) -> 0 | K51: =IFERROR(SUMIFS(Media_Cliente_Mes!$E$2:$E$145,Media_Cliente_Mes!$A$2:$A$145,$K$48,Media_Cliente_Mes!$B$2:$B$145,$A48),0) -> 0 | L51: =IFERROR(SUMIFS(Media_Cliente_Mes!$E$2:$E$145,Media_Cliente_Mes!$A$2:$A$145,$L$48,Media_Cliente_Mes!$B$2:$B$145,$A48),0) -> 0 | M51: =IFERROR(SUMIFS(Media_Cliente_Mes!$E$2:$E$145,Media_Cliente_Mes!$A$2:$A$145,$M$48,Media_Cliente_Mes!$B$2:$B$145,$A48),0) -> 0 | N51: =IFERROR(SUMPRODUCT(B49:M49,B51:M51)/SUM(B49:M49),0) -> 12.622509
A52: Fibra (%) | B52: =IFERROR(SUMIFS(Media_Cliente_Mes!$F$2:$F$145,Media_Cliente_Mes!$A$2:$A$145,$B$48,Media_Cliente_Mes!$B$2:$B$145,$A48),0) -> 3.6945016 | C52: =IFERROR(SUMIFS(Media_Cliente_Mes!$F$2:$F$145,Media_Cliente_Mes!$A$2:$A$145,$C$48,Media_Cliente_Mes!$B$2:$B$145,$A48),0) -> 3.6107115 | D52: =IFERROR(SUMIFS(Media_Cliente_Mes!$F$2:$F$145,Media_Cliente_Mes!$A$2:$A$145,$D$48,Media_Cliente_Mes!$B$2:$B$145,$A48),0) -> 3.6503283 | E52: =IFERROR(SUMIFS(Media_Cliente_Mes!$F$2:$F$145,Media_Cliente_Mes!$A$2:$A$145,$E$48,Media_Cliente_Mes!$B$2:$B$145,$A48),0) -> 3.7691069 | F52: =IFERROR(SUMIFS(Media_Cliente_Mes!$F$2:$F$145,Media_Cliente_Mes!$A$2:$A$145,$F$48,Media_Cliente_Mes!$B$2:$B$145,$A48),0) -> 3.7776877 | G52: =IFERROR(SUMIFS(Media_Cliente_Mes!$F$2:$F$145,Media_Cliente_Mes!$A$2:$A$145,$G$48,Media_Cliente_Mes!$B$2:$B$145,$A48),0) -> 3.768794 | H52: =IFERROR(SUMIFS(Media_Cliente_Mes!$F$2:$F$145,Media_Cliente_Mes!$A$2:$A$145,$H$48,Media_Cliente_Mes!$B$2:$B$145,$A48),0) -> 3.7553269 | I52: =IFERROR(SUMIFS(Media_Cliente_Mes!$F$2:$F$145,Media_Cliente_Mes!$A$2:$A$145,$I$48,Media_Cliente_Mes!$B$2:$B$145,$A48),0) -> 0 | J52: =IFERROR(SUMIFS(Media_Cliente_Mes!$F$2:$F$145,Media_Cliente_Mes!$A$2:$A$145,$J$48,Media_Cliente_Mes!$B$2:$B$145,$A48),0) -> 0 | K52: =IFERROR(SUMIFS(Media_Cliente_Mes!$F$2:$F$145,Media_Cliente_Mes!$A$2:$A$145,$K$48,Media_Cliente_Mes!$B$2:$B$145,$A48),0) -> 0 | L52: =IFERROR(SUMIFS(Media_Cliente_Mes!$F$2:$F$145,Media_Cliente_Mes!$A$2:$A$145,$L$48,Media_Cliente_Mes!$B$2:$B$145,$A48),0) -> 0 | M52: =IFERROR(SUMIFS(Media_Cliente_Mes!$F$2:$F$145,Media_Cliente_Mes!$A$2:$A$145,$M$48,Media_Cliente_Mes!$B$2:$B$145,$A48),0) -> 0 | N52: =IFERROR(SUMPRODUCT(B49:M49,B52:M52)/SUM(B49:M49),0) -> 3.7265211
A53: Oleo (%) | B53: =IFERROR(SUMIFS(Media_Cliente_Mes!$G$2:$G$145,Media_Cliente_Mes!$A$2:$A$145,$B$48,Media_Cliente_Mes!$B$2:$B$145,$A48),0) -> 1.4419366 | C53: =IFERROR(SUMIFS(Media_Cliente_Mes!$G$2:$G$145,Media_Cliente_Mes!$A$2:$A$145,$C$48,Media_Cliente_Mes!$B$2:$B$145,$A48),0) -> 1.1703468 | D53: =IFERROR(SUMIFS(Media_Cliente_Mes!$G$2:$G$145,Media_Cliente_Mes!$A$2:$A$145,$D$48,Media_Cliente_Mes!$B$2:$B$145,$A48),0) -> 1.3016942 | E53: =IFERROR(SUMIFS(Media_Cliente_Mes!$G$2:$G$145,Media_Cliente_Mes!$A$2:$A$145,$E$48,Media_Cliente_Mes!$B$2:$B$145,$A48),0) -> 1.6608292 | F53: =IFERROR(SUMIFS(Media_Cliente_Mes!$G$2:$G$145,Media_Cliente_Mes!$A$2:$A$145,$F$48,Media_Cliente_Mes!$B$2:$B$145,$A48),0) -> 1.5987479 | G53: =IFERROR(SUMIFS(Media_Cliente_Mes!$G$2:$G$145,Media_Cliente_Mes!$A$2:$A$145,$G$48,Media_Cliente_Mes!$B$2:$B$145,$A48),0) -> 1.6015415 | H53: =IFERROR(SUMIFS(Media_Cliente_Mes!$G$2:$G$145,Media_Cliente_Mes!$A$2:$A$145,$H$48,Media_Cliente_Mes!$B$2:$B$145,$A48),0) -> 1.4670308 | I53: =IFERROR(SUMIFS(Media_Cliente_Mes!$G$2:$G$145,Media_Cliente_Mes!$A$2:$A$145,$I$48,Media_Cliente_Mes!$B$2:$B$145,$A48),0) -> 0 | J53: =IFERROR(SUMIFS(Media_Cliente_Mes!$G$2:$G$145,Media_Cliente_Mes!$A$2:$A$145,$J$48,Media_Cliente_Mes!$B$2:$B$145,$A48),0) -> 0 | K53: =IFERROR(SUMIFS(Media_Cliente_Mes!$G$2:$G$145,Media_Cliente_Mes!$A$2:$A$145,$K$48,Media_Cliente_Mes!$B$2:$B$145,$A48),0) -> 0 | L53: =IFERROR(SUMIFS(Media_Cliente_Mes!$G$2:$G$145,Media_Cliente_Mes!$A$2:$A$145,$L$48,Media_Cliente_Mes!$B$2:$B$145,$A48),0) -> 0 | M53: =IFERROR(SUMIFS(Media_Cliente_Mes!$G$2:$G$145,Media_Cliente_Mes!$A$2:$A$145,$M$48,Media_Cliente_Mes!$B$2:$B$145,$A48),0) -> 0 | N53: =IFERROR(SUMPRODUCT(B49:M49,B53:M53)/SUM(B49:M49),0) -> 1.4842105
A54: Vol. Rodo (t) | B54: =IFERROR(SUMIFS(Media_Cliente_Mes!$H$2:$H$145,Media_Cliente_Mes!$A$2:$A$145,$B$48,Media_Cliente_Mes!$B$2:$B$145,$A48),0) -> 0 | C54: =IFERROR(SUMIFS(Media_Cliente_Mes!$H$2:$H$145,Media_Cliente_Mes!$A$2:$A$145,$C$48,Media_Cliente_Mes!$B$2:$B$145,$A48),0) -> 45020.35 | D54: =IFERROR(SUMIFS(Media_Cliente_Mes!$H$2:$H$145,Media_Cliente_Mes!$A$2:$A$145,$D$48,Media_Cliente_Mes!$B$2:$B$145,$A48),0) -> 1999.6 | E54: =IFERROR(SUMIFS(Media_Cliente_Mes!$H$2:$H$145,Media_Cliente_Mes!$A$2:$A$145,$E$48,Media_Cliente_Mes!$B$2:$B$145,$A48),0) -> 28267.56 | F54: =IFERROR(SUMIFS(Media_Cliente_Mes!$H$2:$H$145,Media_Cliente_Mes!$A$2:$A$145,$F$48,Media_Cliente_Mes!$B$2:$B$145,$A48),0) -> 13224.4 | G54: =IFERROR(SUMIFS(Media_Cliente_Mes!$H$2:$H$145,Media_Cliente_Mes!$A$2:$A$145,$G$48,Media_Cliente_Mes!$B$2:$B$145,$A48),0) -> 4122.77 | H54: =IFERROR(SUMIFS(Media_Cliente_Mes!$H$2:$H$145,Media_Cliente_Mes!$A$2:$A$145,$H$48,Media_Cliente_Mes!$B$2:$B$145,$A48),0) -> 634.24 | I54: =IFERROR(SUMIFS(Media_Cliente_Mes!$H$2:$H$145,Media_Cliente_Mes!$A$2:$A$145,$I$48,Media_Cliente_Mes!$B$2:$B$145,$A48),0) -> 0 | J54: =IFERROR(SUMIFS(Media_Cliente_Mes!$H$2:$H$145,Media_Cliente_Mes!$A$2:$A$145,$J$48,Media_Cliente_Mes!$B$2:$B$145,$A48),0) -> 0 | K54: =IFERROR(SUMIFS(Media_Cliente_Mes!$H$2:$H$145,Media_Cliente_Mes!$A$2:$A$145,$K$48,Media_Cliente_Mes!$B$2:$B$145,$A48),0) -> 0 | L54: =IFERROR(SUMIFS(Media_Cliente_Mes!$H$2:$H$145,Media_Cliente_Mes!$A$2:$A$145,$L$48,Media_Cliente_Mes!$B$2:$B$145,$A48),0) -> 0 | M54: =IFERROR(SUMIFS(Media_Cliente_Mes!$H$2:$H$145,Media_Cliente_Mes!$A$2:$A$145,$M$48,Media_Cliente_Mes!$B$2:$B$145,$A48),0) -> 0 | N54: =SUM(B54:M54) -> 93268.92
A55: Vol. Ferro (t) | B55: =IFERROR(SUMIFS(Media_Cliente_Mes!$I$2:$I$145,Media_Cliente_Mes!$A$2:$A$145,$B$48,Media_Cliente_Mes!$B$2:$B$145,$A48),0) -> 41353.91 | C55: =IFERROR(SUMIFS(Media_Cliente_Mes!$I$2:$I$145,Media_Cliente_Mes!$A$2:$A$145,$C$48,Media_Cliente_Mes!$B$2:$B$145,$A48),0) -> 0 | D55: =IFERROR(SUMIFS(Media_Cliente_Mes!$I$2:$I$145,Media_Cliente_Mes!$A$2:$A$145,$D$48,Media_Cliente_Mes!$B$2:$B$145,$A48),0) -> 39497.54 | E55: =IFERROR(SUMIFS(Media_Cliente_Mes!$I$2:$I$145,Media_Cliente_Mes!$A$2:$A$145,$E$48,Media_Cliente_Mes!$B$2:$B$145,$A48),0) -> 12069.27 | F55: =IFERROR(SUMIFS(Media_Cliente_Mes!$I$2:$I$145,Media_Cliente_Mes!$A$2:$A$145,$F$48,Media_Cliente_Mes!$B$2:$B$145,$A48),0) -> 81519.43 | G55: =IFERROR(SUMIFS(Media_Cliente_Mes!$I$2:$I$145,Media_Cliente_Mes!$A$2:$A$145,$G$48,Media_Cliente_Mes!$B$2:$B$145,$A48),0) -> 47410.26 | H55: =IFERROR(SUMIFS(Media_Cliente_Mes!$I$2:$I$145,Media_Cliente_Mes!$A$2:$A$145,$H$48,Media_Cliente_Mes!$B$2:$B$145,$A48),0) -> 32545.64 | I55: =IFERROR(SUMIFS(Media_Cliente_Mes!$I$2:$I$145,Media_Cliente_Mes!$A$2:$A$145,$I$48,Media_Cliente_Mes!$B$2:$B$145,$A48),0) -> 0 | J55: =IFERROR(SUMIFS(Media_Cliente_Mes!$I$2:$I$145,Media_Cliente_Mes!$A$2:$A$145,$J$48,Media_Cliente_Mes!$B$2:$B$145,$A48),0) -> 0 | K55: =IFERROR(SUMIFS(Media_Cliente_Mes!$I$2:$I$145,Media_Cliente_Mes!$A$2:$A$145,$K$48,Media_Cliente_Mes!$B$2:$B$145,$A48),0) -> 0 | L55: =IFERROR(SUMIFS(Media_Cliente_Mes!$I$2:$I$145,Media_Cliente_Mes!$A$2:$A$145,$L$48,Media_Cliente_Mes!$B$2:$B$145,$A48),0) -> 0 | M55: =IFERROR(SUMIFS(Media_Cliente_Mes!$I$2:$I$145,Media_Cliente_Mes!$A$2:$A$145,$M$48,Media_Cliente_Mes!$B$2:$B$145,$A48),0) -> 0 | N55: =SUM(B55:M55) -> 254396.05
A57: Jul | B57: Amaggi | C57: Brejeiro | D57: Caramuru | E57: Cargill | F57: Cofco | G57: 3Tentos | H57: Bunge | I57: ADM | J57: Aliança | K57: Olfar | L57: Novo06 | M57: Novo07 | N57: Media Pool
A58: Volume | B58: =IFERROR(SUMIFS(Media_Cliente_Mes!$C$2:$C$145,Media_Cliente_Mes!$A$2:$A$145,$B$57,Media_Cliente_Mes!$B$2:$B$145,$A57),0) -> 46167.46 | C58: =IFERROR(SUMIFS(Media_Cliente_Mes!$C$2:$C$145,Media_Cliente_Mes!$A$2:$A$145,$C$57,Media_Cliente_Mes!$B$2:$B$145,$A57),0) -> 44244.44 | D58: =IFERROR(SUMIFS(Media_Cliente_Mes!$C$2:$C$145,Media_Cliente_Mes!$A$2:$A$145,$D$57,Media_Cliente_Mes!$B$2:$B$145,$A57),0) -> 78263.287 | E58: =IFERROR(SUMIFS(Media_Cliente_Mes!$C$2:$C$145,Media_Cliente_Mes!$A$2:$A$145,$E$57,Media_Cliente_Mes!$B$2:$B$145,$A57),0) -> 5705.09 | F58: =IFERROR(SUMIFS(Media_Cliente_Mes!$C$2:$C$145,Media_Cliente_Mes!$A$2:$A$145,$F$57,Media_Cliente_Mes!$B$2:$B$145,$A57),0) -> 72870.58 | G58: =IFERROR(SUMIFS(Media_Cliente_Mes!$C$2:$C$145,Media_Cliente_Mes!$A$2:$A$145,$G$57,Media_Cliente_Mes!$B$2:$B$145,$A57),0) -> 49521.94 | H58: =IFERROR(SUMIFS(Media_Cliente_Mes!$C$2:$C$145,Media_Cliente_Mes!$A$2:$A$145,$H$57,Media_Cliente_Mes!$B$2:$B$145,$A57),0) -> 99472.54 | I58: =IFERROR(SUMIFS(Media_Cliente_Mes!$C$2:$C$145,Media_Cliente_Mes!$A$2:$A$145,$I$57,Media_Cliente_Mes!$B$2:$B$145,$A57),0) -> 0 | J58: =IFERROR(SUMIFS(Media_Cliente_Mes!$C$2:$C$145,Media_Cliente_Mes!$A$2:$A$145,$J$57,Media_Cliente_Mes!$B$2:$B$145,$A57),0) -> 0 | K58: =IFERROR(SUMIFS(Media_Cliente_Mes!$C$2:$C$145,Media_Cliente_Mes!$A$2:$A$145,$K$57,Media_Cliente_Mes!$B$2:$B$145,$A57),0) -> 55089.56 | L58: =IFERROR(SUMIFS(Media_Cliente_Mes!$C$2:$C$145,Media_Cliente_Mes!$A$2:$A$145,$L$57,Media_Cliente_Mes!$B$2:$B$145,$A57),0) -> 0 | M58: =IFERROR(SUMIFS(Media_Cliente_Mes!$C$2:$C$145,Media_Cliente_Mes!$A$2:$A$145,$M$57,Media_Cliente_Mes!$B$2:$B$145,$A57),0) -> 0 | N58: =SUM(B58:M58) -> 451334.9
A59: Proteina Bruta (%) | B59: =IFERROR(SUMIFS(Media_Cliente_Mes!$D$2:$D$145,Media_Cliente_Mes!$A$2:$A$145,$B$57,Media_Cliente_Mes!$B$2:$B$145,$A57),0) -> 47.312627 | C59: =IFERROR(SUMIFS(Media_Cliente_Mes!$D$2:$D$145,Media_Cliente_Mes!$A$2:$A$145,$C$57,Media_Cliente_Mes!$B$2:$B$145,$A57),0) -> 47.96693 | D59: =IFERROR(SUMIFS(Media_Cliente_Mes!$D$2:$D$145,Media_Cliente_Mes!$A$2:$A$145,$D$57,Media_Cliente_Mes!$B$2:$B$145,$A57),0) -> 47.857536 | E59: =IFERROR(SUMIFS(Media_Cliente_Mes!$D$2:$D$145,Media_Cliente_Mes!$A$2:$A$145,$E$57,Media_Cliente_Mes!$B$2:$B$145,$A57),0) -> 47.091479 | F59: =IFERROR(SUMIFS(Media_Cliente_Mes!$D$2:$D$145,Media_Cliente_Mes!$A$2:$A$145,$F$57,Media_Cliente_Mes!$B$2:$B$145,$A57),0) -> 47.397588 | G59: =IFERROR(SUMIFS(Media_Cliente_Mes!$D$2:$D$145,Media_Cliente_Mes!$A$2:$A$145,$G$57,Media_Cliente_Mes!$B$2:$B$145,$A57),0) -> 47.709732 | H59: =IFERROR(SUMIFS(Media_Cliente_Mes!$D$2:$D$145,Media_Cliente_Mes!$A$2:$A$145,$H$57,Media_Cliente_Mes!$B$2:$B$145,$A57),0) -> 47.549351 | I59: =IFERROR(SUMIFS(Media_Cliente_Mes!$D$2:$D$145,Media_Cliente_Mes!$A$2:$A$145,$I$57,Media_Cliente_Mes!$B$2:$B$145,$A57),0) -> 0 | J59: =IFERROR(SUMIFS(Media_Cliente_Mes!$D$2:$D$145,Media_Cliente_Mes!$A$2:$A$145,$J$57,Media_Cliente_Mes!$B$2:$B$145,$A57),0) -> 0 | K59: =IFERROR(SUMIFS(Media_Cliente_Mes!$D$2:$D$145,Media_Cliente_Mes!$A$2:$A$145,$K$57,Media_Cliente_Mes!$B$2:$B$145,$A57),0) -> 48.162571 | L59: =IFERROR(SUMIFS(Media_Cliente_Mes!$D$2:$D$145,Media_Cliente_Mes!$A$2:$A$145,$L$57,Media_Cliente_Mes!$B$2:$B$145,$A57),0) -> 0 | M59: =IFERROR(SUMIFS(Media_Cliente_Mes!$D$2:$D$145,Media_Cliente_Mes!$A$2:$A$145,$M$57,Media_Cliente_Mes!$B$2:$B$145,$A57),0) -> 0 | N59: =IFERROR(SUMPRODUCT(B58:M58,B59:M59)/SUM(B58:M58),0) -> 47.681668
A60: Umidade (%) | B60: =IFERROR(SUMIFS(Media_Cliente_Mes!$E$2:$E$145,Media_Cliente_Mes!$A$2:$A$145,$B$57,Media_Cliente_Mes!$B$2:$B$145,$A57),0) -> 12.318659 | C60: =IFERROR(SUMIFS(Media_Cliente_Mes!$E$2:$E$145,Media_Cliente_Mes!$A$2:$A$145,$C$57,Media_Cliente_Mes!$B$2:$B$145,$A57),0) -> 12.027282 | D60: =IFERROR(SUMIFS(Media_Cliente_Mes!$E$2:$E$145,Media_Cliente_Mes!$A$2:$A$145,$D$57,Media_Cliente_Mes!$B$2:$B$145,$A57),0) -> 12.790027 | E60: =IFERROR(SUMIFS(Media_Cliente_Mes!$E$2:$E$145,Media_Cliente_Mes!$A$2:$A$145,$E$57,Media_Cliente_Mes!$B$2:$B$145,$A57),0) -> 12.723204 | F60: =IFERROR(SUMIFS(Media_Cliente_Mes!$E$2:$E$145,Media_Cliente_Mes!$A$2:$A$145,$F$57,Media_Cliente_Mes!$B$2:$B$145,$A57),0) -> 12.304712 | G60: =IFERROR(SUMIFS(Media_Cliente_Mes!$E$2:$E$145,Media_Cliente_Mes!$A$2:$A$145,$G$57,Media_Cliente_Mes!$B$2:$B$145,$A57),0) -> 12.239924 | H60: =IFERROR(SUMIFS(Media_Cliente_Mes!$E$2:$E$145,Media_Cliente_Mes!$A$2:$A$145,$H$57,Media_Cliente_Mes!$B$2:$B$145,$A57),0) -> 12.341303 | I60: =IFERROR(SUMIFS(Media_Cliente_Mes!$E$2:$E$145,Media_Cliente_Mes!$A$2:$A$145,$I$57,Media_Cliente_Mes!$B$2:$B$145,$A57),0) -> 0 | J60: =IFERROR(SUMIFS(Media_Cliente_Mes!$E$2:$E$145,Media_Cliente_Mes!$A$2:$A$145,$J$57,Media_Cliente_Mes!$B$2:$B$145,$A57),0) -> 0 | K60: =IFERROR(SUMIFS(Media_Cliente_Mes!$E$2:$E$145,Media_Cliente_Mes!$A$2:$A$145,$K$57,Media_Cliente_Mes!$B$2:$B$145,$A57),0) -> 11.209386 | L60: =IFERROR(SUMIFS(Media_Cliente_Mes!$E$2:$E$145,Media_Cliente_Mes!$A$2:$A$145,$L$57,Media_Cliente_Mes!$B$2:$B$145,$A57),0) -> 0 | M60: =IFERROR(SUMIFS(Media_Cliente_Mes!$E$2:$E$145,Media_Cliente_Mes!$A$2:$A$145,$M$57,Media_Cliente_Mes!$B$2:$B$145,$A57),0) -> 0 | N60: =IFERROR(SUMPRODUCT(B58:M58,B60:M60)/SUM(B58:M58),0) -> 12.235649
A61: Fibra (%) | B61: =IFERROR(SUMIFS(Media_Cliente_Mes!$F$2:$F$145,Media_Cliente_Mes!$A$2:$A$145,$B$57,Media_Cliente_Mes!$B$2:$B$145,$A57),0) -> 3.6348452 | C61: =IFERROR(SUMIFS(Media_Cliente_Mes!$F$2:$F$145,Media_Cliente_Mes!$A$2:$A$145,$C$57,Media_Cliente_Mes!$B$2:$B$145,$A57),0) -> 3.4393521 | D61: =IFERROR(SUMIFS(Media_Cliente_Mes!$F$2:$F$145,Media_Cliente_Mes!$A$2:$A$145,$D$57,Media_Cliente_Mes!$B$2:$B$145,$A57),0) -> 3.4069074 | E61: =IFERROR(SUMIFS(Media_Cliente_Mes!$F$2:$F$145,Media_Cliente_Mes!$A$2:$A$145,$E$57,Media_Cliente_Mes!$B$2:$B$145,$A57),0) -> 3.8986981 | F61: =IFERROR(SUMIFS(Media_Cliente_Mes!$F$2:$F$145,Media_Cliente_Mes!$A$2:$A$145,$F$57,Media_Cliente_Mes!$B$2:$B$145,$A57),0) -> 3.4981112 | G61: =IFERROR(SUMIFS(Media_Cliente_Mes!$F$2:$F$145,Media_Cliente_Mes!$A$2:$A$145,$G$57,Media_Cliente_Mes!$B$2:$B$145,$A57),0) -> 3.5944892 | H61: =IFERROR(SUMIFS(Media_Cliente_Mes!$F$2:$F$145,Media_Cliente_Mes!$A$2:$A$145,$H$57,Media_Cliente_Mes!$B$2:$B$145,$A57),0) -> 3.5288395 | I61: =IFERROR(SUMIFS(Media_Cliente_Mes!$F$2:$F$145,Media_Cliente_Mes!$A$2:$A$145,$I$57,Media_Cliente_Mes!$B$2:$B$145,$A57),0) -> 0 | J61: =IFERROR(SUMIFS(Media_Cliente_Mes!$F$2:$F$145,Media_Cliente_Mes!$A$2:$A$145,$J$57,Media_Cliente_Mes!$B$2:$B$145,$A57),0) -> 0 | K61: =IFERROR(SUMIFS(Media_Cliente_Mes!$F$2:$F$145,Media_Cliente_Mes!$A$2:$A$145,$K$57,Media_Cliente_Mes!$B$2:$B$145,$A57),0) -> 3.2623464 | L61: =IFERROR(SUMIFS(Media_Cliente_Mes!$F$2:$F$145,Media_Cliente_Mes!$A$2:$A$145,$L$57,Media_Cliente_Mes!$B$2:$B$145,$A57),0) -> 0 | M61: =IFERROR(SUMIFS(Media_Cliente_Mes!$F$2:$F$145,Media_Cliente_Mes!$A$2:$A$145,$M$57,Media_Cliente_Mes!$B$2:$B$145,$A57),0) -> 0 | N61: =IFERROR(SUMPRODUCT(B58:M58,B61:M61)/SUM(B58:M58),0) -> 3.4841563
A62: Oleo (%) | B62: =IFERROR(SUMIFS(Media_Cliente_Mes!$G$2:$G$145,Media_Cliente_Mes!$A$2:$A$145,$B$57,Media_Cliente_Mes!$B$2:$B$145,$A57),0) -> 1.666024 | C62: =IFERROR(SUMIFS(Media_Cliente_Mes!$G$2:$G$145,Media_Cliente_Mes!$A$2:$A$145,$C$57,Media_Cliente_Mes!$B$2:$B$145,$A57),0) -> 1.5103256 | D62: =IFERROR(SUMIFS(Media_Cliente_Mes!$G$2:$G$145,Media_Cliente_Mes!$A$2:$A$145,$D$57,Media_Cliente_Mes!$B$2:$B$145,$A57),0) -> 1.0882432 | E62: =IFERROR(SUMIFS(Media_Cliente_Mes!$G$2:$G$145,Media_Cliente_Mes!$A$2:$A$145,$E$57,Media_Cliente_Mes!$B$2:$B$145,$A57),0) -> 1.8267916 | F62: =IFERROR(SUMIFS(Media_Cliente_Mes!$G$2:$G$145,Media_Cliente_Mes!$A$2:$A$145,$F$57,Media_Cliente_Mes!$B$2:$B$145,$A57),0) -> 1.6599252 | G62: =IFERROR(SUMIFS(Media_Cliente_Mes!$G$2:$G$145,Media_Cliente_Mes!$A$2:$A$145,$G$57,Media_Cliente_Mes!$B$2:$B$145,$A57),0) -> 1.6764725 | H62: =IFERROR(SUMIFS(Media_Cliente_Mes!$G$2:$G$145,Media_Cliente_Mes!$A$2:$A$145,$H$57,Media_Cliente_Mes!$B$2:$B$145,$A57),0) -> 1.5840554 | I62: =IFERROR(SUMIFS(Media_Cliente_Mes!$G$2:$G$145,Media_Cliente_Mes!$A$2:$A$145,$I$57,Media_Cliente_Mes!$B$2:$B$145,$A57),0) -> 0 | J62: =IFERROR(SUMIFS(Media_Cliente_Mes!$G$2:$G$145,Media_Cliente_Mes!$A$2:$A$145,$J$57,Media_Cliente_Mes!$B$2:$B$145,$A57),0) -> 0 | K62: =IFERROR(SUMIFS(Media_Cliente_Mes!$G$2:$G$145,Media_Cliente_Mes!$A$2:$A$145,$K$57,Media_Cliente_Mes!$B$2:$B$145,$A57),0) -> 1.3864152 | L62: =IFERROR(SUMIFS(Media_Cliente_Mes!$G$2:$G$145,Media_Cliente_Mes!$A$2:$A$145,$L$57,Media_Cliente_Mes!$B$2:$B$145,$A57),0) -> 0 | M62: =IFERROR(SUMIFS(Media_Cliente_Mes!$G$2:$G$145,Media_Cliente_Mes!$A$2:$A$145,$M$57,Media_Cliente_Mes!$B$2:$B$145,$A57),0) -> 0 | N62: =IFERROR(SUMPRODUCT(B58:M58,B62:M62)/SUM(B58:M58),0) -> 1.5005709
A63: Vol. Rodo (t) | B63: =IFERROR(SUMIFS(Media_Cliente_Mes!$H$2:$H$145,Media_Cliente_Mes!$A$2:$A$145,$B$57,Media_Cliente_Mes!$B$2:$B$145,$A57),0) -> 0 | C63: =IFERROR(SUMIFS(Media_Cliente_Mes!$H$2:$H$145,Media_Cliente_Mes!$A$2:$A$145,$C$57,Media_Cliente_Mes!$B$2:$B$145,$A57),0) -> 43458.2 | D63: =IFERROR(SUMIFS(Media_Cliente_Mes!$H$2:$H$145,Media_Cliente_Mes!$A$2:$A$145,$D$57,Media_Cliente_Mes!$B$2:$B$145,$A57),0) -> 0 | E63: =IFERROR(SUMIFS(Media_Cliente_Mes!$H$2:$H$145,Media_Cliente_Mes!$A$2:$A$145,$E$57,Media_Cliente_Mes!$B$2:$B$145,$A57),0) -> 5705.09 | F63: =IFERROR(SUMIFS(Media_Cliente_Mes!$H$2:$H$145,Media_Cliente_Mes!$A$2:$A$145,$F$57,Media_Cliente_Mes!$B$2:$B$145,$A57),0) -> 0 | G63: =IFERROR(SUMIFS(Media_Cliente_Mes!$H$2:$H$145,Media_Cliente_Mes!$A$2:$A$145,$G$57,Media_Cliente_Mes!$B$2:$B$145,$A57),0) -> 11591.03 | H63: =IFERROR(SUMIFS(Media_Cliente_Mes!$H$2:$H$145,Media_Cliente_Mes!$A$2:$A$145,$H$57,Media_Cliente_Mes!$B$2:$B$145,$A57),0) -> 3066.23 | I63: =IFERROR(SUMIFS(Media_Cliente_Mes!$H$2:$H$145,Media_Cliente_Mes!$A$2:$A$145,$I$57,Media_Cliente_Mes!$B$2:$B$145,$A57),0) -> 0 | J63: =IFERROR(SUMIFS(Media_Cliente_Mes!$H$2:$H$145,Media_Cliente_Mes!$A$2:$A$145,$J$57,Media_Cliente_Mes!$B$2:$B$145,$A57),0) -> 0 | K63: =IFERROR(SUMIFS(Media_Cliente_Mes!$H$2:$H$145,Media_Cliente_Mes!$A$2:$A$145,$K$57,Media_Cliente_Mes!$B$2:$B$145,$A57),0) -> 0 | L63: =IFERROR(SUMIFS(Media_Cliente_Mes!$H$2:$H$145,Media_Cliente_Mes!$A$2:$A$145,$L$57,Media_Cliente_Mes!$B$2:$B$145,$A57),0) -> 0 | M63: =IFERROR(SUMIFS(Media_Cliente_Mes!$H$2:$H$145,Media_Cliente_Mes!$A$2:$A$145,$M$57,Media_Cliente_Mes!$B$2:$B$145,$A57),0) -> 0 | N63: =SUM(B63:M63) -> 63820.55
A64: Vol. Ferro (t) | B64: =IFERROR(SUMIFS(Media_Cliente_Mes!$I$2:$I$145,Media_Cliente_Mes!$A$2:$A$145,$B$57,Media_Cliente_Mes!$B$2:$B$145,$A57),0) -> 46167.46 | C64: =IFERROR(SUMIFS(Media_Cliente_Mes!$I$2:$I$145,Media_Cliente_Mes!$A$2:$A$145,$C$57,Media_Cliente_Mes!$B$2:$B$145,$A57),0) -> 786.24 | D64: =IFERROR(SUMIFS(Media_Cliente_Mes!$I$2:$I$145,Media_Cliente_Mes!$A$2:$A$145,$D$57,Media_Cliente_Mes!$B$2:$B$145,$A57),0) -> 78263.287 | E64: =IFERROR(SUMIFS(Media_Cliente_Mes!$I$2:$I$145,Media_Cliente_Mes!$A$2:$A$145,$E$57,Media_Cliente_Mes!$B$2:$B$145,$A57),0) -> 0 | F64: =IFERROR(SUMIFS(Media_Cliente_Mes!$I$2:$I$145,Media_Cliente_Mes!$A$2:$A$145,$F$57,Media_Cliente_Mes!$B$2:$B$145,$A57),0) -> 72870.58 | G64: =IFERROR(SUMIFS(Media_Cliente_Mes!$I$2:$I$145,Media_Cliente_Mes!$A$2:$A$145,$G$57,Media_Cliente_Mes!$B$2:$B$145,$A57),0) -> 37930.91 | H64: =IFERROR(SUMIFS(Media_Cliente_Mes!$I$2:$I$145,Media_Cliente_Mes!$A$2:$A$145,$H$57,Media_Cliente_Mes!$B$2:$B$145,$A57),0) -> 96406.31 | I64: =IFERROR(SUMIFS(Media_Cliente_Mes!$I$2:$I$145,Media_Cliente_Mes!$A$2:$A$145,$I$57,Media_Cliente_Mes!$B$2:$B$145,$A57),0) -> 0 | J64: =IFERROR(SUMIFS(Media_Cliente_Mes!$I$2:$I$145,Media_Cliente_Mes!$A$2:$A$145,$J$57,Media_Cliente_Mes!$B$2:$B$145,$A57),0) -> 0 | K64: =IFERROR(SUMIFS(Media_Cliente_Mes!$I$2:$I$145,Media_Cliente_Mes!$A$2:$A$145,$K$57,Media_Cliente_Mes!$B$2:$B$145,$A57),0) -> 55089.56 | L64: =IFERROR(SUMIFS(Media_Cliente_Mes!$I$2:$I$145,Media_Cliente_Mes!$A$2:$A$145,$L$57,Media_Cliente_Mes!$B$2:$B$145,$A57),0) -> 0 | M64: =IFERROR(SUMIFS(Media_Cliente_Mes!$I$2:$I$145,Media_Cliente_Mes!$A$2:$A$145,$M$57,Media_Cliente_Mes!$B$2:$B$145,$A57),0) -> 0 | N64: =SUM(B64:M64) -> 387514.35
A66: Ago | B66: Amaggi | C66: Brejeiro | D66: Caramuru | E66: Cargill | F66: Cofco | G66: 3Tentos | H66: Bunge | I66: ADM | J66: Aliança | K66: Olfar | L66: Novo06 | M66: Novo07 | N66: Media Pool
A67: Volume | B67: =IFERROR(SUMIFS(Media_Cliente_Mes!$C$2:$C$145,Media_Cliente_Mes!$A$2:$A$145,$B$66,Media_Cliente_Mes!$B$2:$B$145,$A66),0) -> 44263.22 | C67: =IFERROR(SUMIFS(Media_Cliente_Mes!$C$2:$C$145,Media_Cliente_Mes!$A$2:$A$145,$C$66,Media_Cliente_Mes!$B$2:$B$145,$A66),0) -> 43335.41 | D67: =IFERROR(SUMIFS(Media_Cliente_Mes!$C$2:$C$145,Media_Cliente_Mes!$A$2:$A$145,$D$66,Media_Cliente_Mes!$B$2:$B$145,$A66),0) -> 77775.89 | E67: =IFERROR(SUMIFS(Media_Cliente_Mes!$C$2:$C$145,Media_Cliente_Mes!$A$2:$A$145,$E$66,Media_Cliente_Mes!$B$2:$B$145,$A66),0) -> 5005.2 | F67: =IFERROR(SUMIFS(Media_Cliente_Mes!$C$2:$C$145,Media_Cliente_Mes!$A$2:$A$145,$F$66,Media_Cliente_Mes!$B$2:$B$145,$A66),0) -> 70028.07 | G67: =IFERROR(SUMIFS(Media_Cliente_Mes!$C$2:$C$145,Media_Cliente_Mes!$A$2:$A$145,$G$66,Media_Cliente_Mes!$B$2:$B$145,$A66),0) -> 47668.74 | H67: =IFERROR(SUMIFS(Media_Cliente_Mes!$C$2:$C$145,Media_Cliente_Mes!$A$2:$A$145,$H$66,Media_Cliente_Mes!$B$2:$B$145,$A66),0) -> 78501.68 | I67: =IFERROR(SUMIFS(Media_Cliente_Mes!$C$2:$C$145,Media_Cliente_Mes!$A$2:$A$145,$I$66,Media_Cliente_Mes!$B$2:$B$145,$A66),0) -> 11582.49 | J67: =IFERROR(SUMIFS(Media_Cliente_Mes!$C$2:$C$145,Media_Cliente_Mes!$A$2:$A$145,$J$66,Media_Cliente_Mes!$B$2:$B$145,$A66),0) -> 0 | K67: =IFERROR(SUMIFS(Media_Cliente_Mes!$C$2:$C$145,Media_Cliente_Mes!$A$2:$A$145,$K$66,Media_Cliente_Mes!$B$2:$B$145,$A66),0) -> 33862.86 | L67: =IFERROR(SUMIFS(Media_Cliente_Mes!$C$2:$C$145,Media_Cliente_Mes!$A$2:$A$145,$L$66,Media_Cliente_Mes!$B$2:$B$145,$A66),0) -> 0 | M67: =IFERROR(SUMIFS(Media_Cliente_Mes!$C$2:$C$145,Media_Cliente_Mes!$A$2:$A$145,$M$66,Media_Cliente_Mes!$B$2:$B$145,$A66),0) -> 0 | N67: =SUM(B67:M67) -> 412023.56
A68: Proteina Bruta (%) | B68: =IFERROR(SUMIFS(Media_Cliente_Mes!$D$2:$D$145,Media_Cliente_Mes!$A$2:$A$145,$B$66,Media_Cliente_Mes!$B$2:$B$145,$A66),0) -> 46.684786 | C68: =IFERROR(SUMIFS(Media_Cliente_Mes!$D$2:$D$145,Media_Cliente_Mes!$A$2:$A$145,$C$66,Media_Cliente_Mes!$B$2:$B$145,$A66),0) -> 47.450046 | D68: =IFERROR(SUMIFS(Media_Cliente_Mes!$D$2:$D$145,Media_Cliente_Mes!$A$2:$A$145,$D$66,Media_Cliente_Mes!$B$2:$B$145,$A66),0) -> 48.055454 | E68: =IFERROR(SUMIFS(Media_Cliente_Mes!$D$2:$D$145,Media_Cliente_Mes!$A$2:$A$145,$E$66,Media_Cliente_Mes!$B$2:$B$145,$A66),0) -> 47.157407 | F68: =IFERROR(SUMIFS(Media_Cliente_Mes!$D$2:$D$145,Media_Cliente_Mes!$A$2:$A$145,$F$66,Media_Cliente_Mes!$B$2:$B$145,$A66),0) -> 47.00748 | G68: =IFERROR(SUMIFS(Media_Cliente_Mes!$D$2:$D$145,Media_Cliente_Mes!$A$2:$A$145,$G$66,Media_Cliente_Mes!$B$2:$B$145,$A66),0) -> 47.152946 | H68: =IFERROR(SUMIFS(Media_Cliente_Mes!$D$2:$D$145,Media_Cliente_Mes!$A$2:$A$145,$H$66,Media_Cliente_Mes!$B$2:$B$145,$A66),0) -> 47.213204 | I68: =IFERROR(SUMIFS(Media_Cliente_Mes!$D$2:$D$145,Media_Cliente_Mes!$A$2:$A$145,$I$66,Media_Cliente_Mes!$B$2:$B$145,$A66),0) -> 47.404703 | J68: =IFERROR(SUMIFS(Media_Cliente_Mes!$D$2:$D$145,Media_Cliente_Mes!$A$2:$A$145,$J$66,Media_Cliente_Mes!$B$2:$B$145,$A66),0) -> 0 | K68: =IFERROR(SUMIFS(Media_Cliente_Mes!$D$2:$D$145,Media_Cliente_Mes!$A$2:$A$145,$K$66,Media_Cliente_Mes!$B$2:$B$145,$A66),0) -> 47.418256 | L68: =IFERROR(SUMIFS(Media_Cliente_Mes!$D$2:$D$145,Media_Cliente_Mes!$A$2:$A$145,$L$66,Media_Cliente_Mes!$B$2:$B$145,$A66),0) -> 0 | M68: =IFERROR(SUMIFS(Media_Cliente_Mes!$D$2:$D$145,Media_Cliente_Mes!$A$2:$A$145,$M$66,Media_Cliente_Mes!$B$2:$B$145,$A66),0) -> 0 | N68: =IFERROR(SUMPRODUCT(B67:M67,B68:M68)/SUM(B67:M67),0) -> 47.319956
A69: Umidade (%) | B69: =IFERROR(SUMIFS(Media_Cliente_Mes!$E$2:$E$145,Media_Cliente_Mes!$A$2:$A$145,$B$66,Media_Cliente_Mes!$B$2:$B$145,$A66),0) -> 12.092654 | C69: =IFERROR(SUMIFS(Media_Cliente_Mes!$E$2:$E$145,Media_Cliente_Mes!$A$2:$A$145,$C$66,Media_Cliente_Mes!$B$2:$B$145,$A66),0) -> 12.215663 | D69: =IFERROR(SUMIFS(Media_Cliente_Mes!$E$2:$E$145,Media_Cliente_Mes!$A$2:$A$145,$D$66,Media_Cliente_Mes!$B$2:$B$145,$A66),0) -> 12.396 | E69: =IFERROR(SUMIFS(Media_Cliente_Mes!$E$2:$E$145,Media_Cliente_Mes!$A$2:$A$145,$E$66,Media_Cliente_Mes!$B$2:$B$145,$A66),0) -> 12.35125 | F69: =IFERROR(SUMIFS(Media_Cliente_Mes!$E$2:$E$145,Media_Cliente_Mes!$A$2:$A$145,$F$66,Media_Cliente_Mes!$B$2:$B$145,$A66),0) -> 11.92393 | G69: =IFERROR(SUMIFS(Media_Cliente_Mes!$E$2:$E$145,Media_Cliente_Mes!$A$2:$A$145,$G$66,Media_Cliente_Mes!$B$2:$B$145,$A66),0) -> 11.934568 | H69: =IFERROR(SUMIFS(Media_Cliente_Mes!$E$2:$E$145,Media_Cliente_Mes!$A$2:$A$145,$H$66,Media_Cliente_Mes!$B$2:$B$145,$A66),0) -> 12.124171 | I69: =IFERROR(SUMIFS(Media_Cliente_Mes!$E$2:$E$145,Media_Cliente_Mes!$A$2:$A$145,$I$66,Media_Cliente_Mes!$B$2:$B$145,$A66),0) -> 12.356707 | J69: =IFERROR(SUMIFS(Media_Cliente_Mes!$E$2:$E$145,Media_Cliente_Mes!$A$2:$A$145,$J$66,Media_Cliente_Mes!$B$2:$B$145,$A66),0) -> 0 | K69: =IFERROR(SUMIFS(Media_Cliente_Mes!$E$2:$E$145,Media_Cliente_Mes!$A$2:$A$145,$K$66,Media_Cliente_Mes!$B$2:$B$145,$A66),0) -> 12.997701 | L69: =IFERROR(SUMIFS(Media_Cliente_Mes!$E$2:$E$145,Media_Cliente_Mes!$A$2:$A$145,$L$66,Media_Cliente_Mes!$B$2:$B$145,$A66),0) -> 0 | M69: =IFERROR(SUMIFS(Media_Cliente_Mes!$E$2:$E$145,Media_Cliente_Mes!$A$2:$A$145,$M$66,Media_Cliente_Mes!$B$2:$B$145,$A66),0) -> 0 | N69: =IFERROR(SUMPRODUCT(B67:M67,B69:M69)/SUM(B67:M67),0) -> 12.206839
A70: Fibra (%) | B70: =IFERROR(SUMIFS(Media_Cliente_Mes!$F$2:$F$145,Media_Cliente_Mes!$A$2:$A$145,$B$66,Media_Cliente_Mes!$B$2:$B$145,$A66),0) -> 3.9894656 | C70: =IFERROR(SUMIFS(Media_Cliente_Mes!$F$2:$F$145,Media_Cliente_Mes!$A$2:$A$145,$C$66,Media_Cliente_Mes!$B$2:$B$145,$A66),0) -> 3.7245081 | D70: =IFERROR(SUMIFS(Media_Cliente_Mes!$F$2:$F$145,Media_Cliente_Mes!$A$2:$A$145,$D$66,Media_Cliente_Mes!$B$2:$B$145,$A66),0) -> 3.412859 | E70: =IFERROR(SUMIFS(Media_Cliente_Mes!$F$2:$F$145,Media_Cliente_Mes!$A$2:$A$145,$E$66,Media_Cliente_Mes!$B$2:$B$145,$A66),0) -> 3.9219702 | F70: =IFERROR(SUMIFS(Media_Cliente_Mes!$F$2:$F$145,Media_Cliente_Mes!$A$2:$A$145,$F$66,Media_Cliente_Mes!$B$2:$B$145,$A66),0) -> 3.9003314 | G70: =IFERROR(SUMIFS(Media_Cliente_Mes!$F$2:$F$145,Media_Cliente_Mes!$A$2:$A$145,$G$66,Media_Cliente_Mes!$B$2:$B$145,$A66),0) -> 3.8533962 | H70: =IFERROR(SUMIFS(Media_Cliente_Mes!$F$2:$F$145,Media_Cliente_Mes!$A$2:$A$145,$H$66,Media_Cliente_Mes!$B$2:$B$145,$A66),0) -> 3.8078163 | I70: =IFERROR(SUMIFS(Media_Cliente_Mes!$F$2:$F$145,Media_Cliente_Mes!$A$2:$A$145,$I$66,Media_Cliente_Mes!$B$2:$B$145,$A66),0) -> 3.7524721 | J70: =IFERROR(SUMIFS(Media_Cliente_Mes!$F$2:$F$145,Media_Cliente_Mes!$A$2:$A$145,$J$66,Media_Cliente_Mes!$B$2:$B$145,$A66),0) -> 0 | K70: =IFERROR(SUMIFS(Media_Cliente_Mes!$F$2:$F$145,Media_Cliente_Mes!$A$2:$A$145,$K$66,Media_Cliente_Mes!$B$2:$B$145,$A66),0) -> 3.8616746 | L70: =IFERROR(SUMIFS(Media_Cliente_Mes!$F$2:$F$145,Media_Cliente_Mes!$A$2:$A$145,$L$66,Media_Cliente_Mes!$B$2:$B$145,$A66),0) -> 0 | M70: =IFERROR(SUMIFS(Media_Cliente_Mes!$F$2:$F$145,Media_Cliente_Mes!$A$2:$A$145,$M$66,Media_Cliente_Mes!$B$2:$B$145,$A66),0) -> 0 | N70: =IFERROR(SUMPRODUCT(B67:M67,B70:M70)/SUM(B67:M67),0) -> 3.7692689
A71: Oleo (%) | B71: =IFERROR(SUMIFS(Media_Cliente_Mes!$G$2:$G$145,Media_Cliente_Mes!$A$2:$A$145,$B$66,Media_Cliente_Mes!$B$2:$B$145,$A66),0) -> 1.5638885 | C71: =IFERROR(SUMIFS(Media_Cliente_Mes!$G$2:$G$145,Media_Cliente_Mes!$A$2:$A$145,$C$66,Media_Cliente_Mes!$B$2:$B$145,$A66),0) -> 1.5082865 | D71: =IFERROR(SUMIFS(Media_Cliente_Mes!$G$2:$G$145,Media_Cliente_Mes!$A$2:$A$145,$D$66,Media_Cliente_Mes!$B$2:$B$145,$A66),0) -> 1.0533974 | E71: =IFERROR(SUMIFS(Media_Cliente_Mes!$G$2:$G$145,Media_Cliente_Mes!$A$2:$A$145,$E$66,Media_Cliente_Mes!$B$2:$B$145,$A66),0) -> 1.3420367 | F71: =IFERROR(SUMIFS(Media_Cliente_Mes!$G$2:$G$145,Media_Cliente_Mes!$A$2:$A$145,$F$66,Media_Cliente_Mes!$B$2:$B$145,$A66),0) -> 1.6533599 | G71: =IFERROR(SUMIFS(Media_Cliente_Mes!$G$2:$G$145,Media_Cliente_Mes!$A$2:$A$145,$G$66,Media_Cliente_Mes!$B$2:$B$145,$A66),0) -> 1.5843133 | H71: =IFERROR(SUMIFS(Media_Cliente_Mes!$G$2:$G$145,Media_Cliente_Mes!$A$2:$A$145,$H$66,Media_Cliente_Mes!$B$2:$B$145,$A66),0) -> 1.6195017 | I71: =IFERROR(SUMIFS(Media_Cliente_Mes!$G$2:$G$145,Media_Cliente_Mes!$A$2:$A$145,$I$66,Media_Cliente_Mes!$B$2:$B$145,$A66),0) -> 1.5508255 | J71: =IFERROR(SUMIFS(Media_Cliente_Mes!$G$2:$G$145,Media_Cliente_Mes!$A$2:$A$145,$J$66,Media_Cliente_Mes!$B$2:$B$145,$A66),0) -> 0 | K71: =IFERROR(SUMIFS(Media_Cliente_Mes!$G$2:$G$145,Media_Cliente_Mes!$A$2:$A$145,$K$66,Media_Cliente_Mes!$B$2:$B$145,$A66),0) -> 1.0864247 | L71: =IFERROR(SUMIFS(Media_Cliente_Mes!$G$2:$G$145,Media_Cliente_Mes!$A$2:$A$145,$L$66,Media_Cliente_Mes!$B$2:$B$145,$A66),0) -> 0 | M71: =IFERROR(SUMIFS(Media_Cliente_Mes!$G$2:$G$145,Media_Cliente_Mes!$A$2:$A$145,$M$66,Media_Cliente_Mes!$B$2:$B$145,$A66),0) -> 0 | N71: =IFERROR(SUMPRODUCT(B67:M67,B71:M71)/SUM(B67:M67),0) -> 1.4475394
A72: Vol. Rodo (t) | B72: =IFERROR(SUMIFS(Media_Cliente_Mes!$H$2:$H$145,Media_Cliente_Mes!$A$2:$A$145,$B$66,Media_Cliente_Mes!$B$2:$B$145,$A66),0) -> 0 | C72: =IFERROR(SUMIFS(Media_Cliente_Mes!$H$2:$H$145,Media_Cliente_Mes!$A$2:$A$145,$C$66,Media_Cliente_Mes!$B$2:$B$145,$A66),0) -> 41538.79 | D72: =IFERROR(SUMIFS(Media_Cliente_Mes!$H$2:$H$145,Media_Cliente_Mes!$A$2:$A$145,$D$66,Media_Cliente_Mes!$B$2:$B$145,$A66),0) -> 1976.25 | E72: =IFERROR(SUMIFS(Media_Cliente_Mes!$H$2:$H$145,Media_Cliente_Mes!$A$2:$A$145,$E$66,Media_Cliente_Mes!$B$2:$B$145,$A66),0) -> 5005.2 | F72: =IFERROR(SUMIFS(Media_Cliente_Mes!$H$2:$H$145,Media_Cliente_Mes!$A$2:$A$145,$F$66,Media_Cliente_Mes!$B$2:$B$145,$A66),0) -> 4866.18 | G72: =IFERROR(SUMIFS(Media_Cliente_Mes!$H$2:$H$145,Media_Cliente_Mes!$A$2:$A$145,$G$66,Media_Cliente_Mes!$B$2:$B$145,$A66),0) -> 16733.4 | H72: =IFERROR(SUMIFS(Media_Cliente_Mes!$H$2:$H$145,Media_Cliente_Mes!$A$2:$A$145,$H$66,Media_Cliente_Mes!$B$2:$B$145,$A66),0) -> 37.21 | I72: =IFERROR(SUMIFS(Media_Cliente_Mes!$H$2:$H$145,Media_Cliente_Mes!$A$2:$A$145,$I$66,Media_Cliente_Mes!$B$2:$B$145,$A66),0) -> 0 | J72: =IFERROR(SUMIFS(Media_Cliente_Mes!$H$2:$H$145,Media_Cliente_Mes!$A$2:$A$145,$J$66,Media_Cliente_Mes!$B$2:$B$145,$A66),0) -> 0 | K72: =IFERROR(SUMIFS(Media_Cliente_Mes!$H$2:$H$145,Media_Cliente_Mes!$A$2:$A$145,$K$66,Media_Cliente_Mes!$B$2:$B$145,$A66),0) -> 0 | L72: =IFERROR(SUMIFS(Media_Cliente_Mes!$H$2:$H$145,Media_Cliente_Mes!$A$2:$A$145,$L$66,Media_Cliente_Mes!$B$2:$B$145,$A66),0) -> 0 | M72: =IFERROR(SUMIFS(Media_Cliente_Mes!$H$2:$H$145,Media_Cliente_Mes!$A$2:$A$145,$M$66,Media_Cliente_Mes!$B$2:$B$145,$A66),0) -> 0 | N72: =SUM(B72:M72) -> 70157.03
A73: Vol. Ferro (t) | B73: =IFERROR(SUMIFS(Media_Cliente_Mes!$I$2:$I$145,Media_Cliente_Mes!$A$2:$A$145,$B$66,Media_Cliente_Mes!$B$2:$B$145,$A66),0) -> 44263.22 | C73: =IFERROR(SUMIFS(Media_Cliente_Mes!$I$2:$I$145,Media_Cliente_Mes!$A$2:$A$145,$C$66,Media_Cliente_Mes!$B$2:$B$145,$A66),0) -> 1796.62 | D73: =IFERROR(SUMIFS(Media_Cliente_Mes!$I$2:$I$145,Media_Cliente_Mes!$A$2:$A$145,$D$66,Media_Cliente_Mes!$B$2:$B$145,$A66),0) -> 75799.64 | E73: =IFERROR(SUMIFS(Media_Cliente_Mes!$I$2:$I$145,Media_Cliente_Mes!$A$2:$A$145,$E$66,Media_Cliente_Mes!$B$2:$B$145,$A66),0) -> 0 | F73: =IFERROR(SUMIFS(Media_Cliente_Mes!$I$2:$I$145,Media_Cliente_Mes!$A$2:$A$145,$F$66,Media_Cliente_Mes!$B$2:$B$145,$A66),0) -> 65161.89 | G73: =IFERROR(SUMIFS(Media_Cliente_Mes!$I$2:$I$145,Media_Cliente_Mes!$A$2:$A$145,$G$66,Media_Cliente_Mes!$B$2:$B$145,$A66),0) -> 30935.34 | H73: =IFERROR(SUMIFS(Media_Cliente_Mes!$I$2:$I$145,Media_Cliente_Mes!$A$2:$A$145,$H$66,Media_Cliente_Mes!$B$2:$B$145,$A66),0) -> 78464.47 | I73: =IFERROR(SUMIFS(Media_Cliente_Mes!$I$2:$I$145,Media_Cliente_Mes!$A$2:$A$145,$I$66,Media_Cliente_Mes!$B$2:$B$145,$A66),0) -> 11582.49 | J73: =IFERROR(SUMIFS(Media_Cliente_Mes!$I$2:$I$145,Media_Cliente_Mes!$A$2:$A$145,$J$66,Media_Cliente_Mes!$B$2:$B$145,$A66),0) -> 0 | K73: =IFERROR(SUMIFS(Media_Cliente_Mes!$I$2:$I$145,Media_Cliente_Mes!$A$2:$A$145,$K$66,Media_Cliente_Mes!$B$2:$B$145,$A66),0) -> 33862.86 | L73: =IFERROR(SUMIFS(Media_Cliente_Mes!$I$2:$I$145,Media_Cliente_Mes!$A$2:$A$145,$L$66,Media_Cliente_Mes!$B$2:$B$145,$A66),0) -> 0 | M73: =IFERROR(SUMIFS(Media_Cliente_Mes!$I$2:$I$145,Media_Cliente_Mes!$A$2:$A$145,$M$66,Media_Cliente_Mes!$B$2:$B$145,$A66),0) -> 0 | N73: =SUM(B73:M73) -> 341866.53
A75: Set | B75: Amaggi | C75: Brejeiro | D75: Caramuru | E75: Cargill | F75: Cofco | G75: 3Tentos | H75: Bunge | I75: ADM | J75: Aliança | K75: Olfar | L75: Novo06 | M75: Novo07 | N75: Media Pool
A76: Volume | B76: =IFERROR(SUMIFS(Media_Cliente_Mes!$C$2:$C$145,Media_Cliente_Mes!$A$2:$A$145,$B$75,Media_Cliente_Mes!$B$2:$B$145,$A75),0) -> 2244.02 | C76: =IFERROR(SUMIFS(Media_Cliente_Mes!$C$2:$C$145,Media_Cliente_Mes!$A$2:$A$145,$C$75,Media_Cliente_Mes!$B$2:$B$145,$A75),0) -> 9195.05 | D76: =IFERROR(SUMIFS(Media_Cliente_Mes!$C$2:$C$145,Media_Cliente_Mes!$A$2:$A$145,$D$75,Media_Cliente_Mes!$B$2:$B$145,$A75),0) -> 4163.45 | E76: =IFERROR(SUMIFS(Media_Cliente_Mes!$C$2:$C$145,Media_Cliente_Mes!$A$2:$A$145,$E$75,Media_Cliente_Mes!$B$2:$B$145,$A75),0) -> 229.82 | F76: =IFERROR(SUMIFS(Media_Cliente_Mes!$C$2:$C$145,Media_Cliente_Mes!$A$2:$A$145,$F$75,Media_Cliente_Mes!$B$2:$B$145,$A75),0) -> 16598.01 | G76: =IFERROR(SUMIFS(Media_Cliente_Mes!$C$2:$C$145,Media_Cliente_Mes!$A$2:$A$145,$G$75,Media_Cliente_Mes!$B$2:$B$145,$A75),0) -> 5121.78 | H76: =IFERROR(SUMIFS(Media_Cliente_Mes!$C$2:$C$145,Media_Cliente_Mes!$A$2:$A$145,$H$75,Media_Cliente_Mes!$B$2:$B$145,$A75),0) -> 19994.68 | I76: =IFERROR(SUMIFS(Media_Cliente_Mes!$C$2:$C$145,Media_Cliente_Mes!$A$2:$A$145,$I$75,Media_Cliente_Mes!$B$2:$B$145,$A75),0) -> 3730.96 | J76: =IFERROR(SUMIFS(Media_Cliente_Mes!$C$2:$C$145,Media_Cliente_Mes!$A$2:$A$145,$J$75,Media_Cliente_Mes!$B$2:$B$145,$A75),0) -> 0 | K76: =IFERROR(SUMIFS(Media_Cliente_Mes!$C$2:$C$145,Media_Cliente_Mes!$A$2:$A$145,$K$75,Media_Cliente_Mes!$B$2:$B$145,$A75),0) -> 6769.23 | L76: =IFERROR(SUMIFS(Media_Cliente_Mes!$C$2:$C$145,Media_Cliente_Mes!$A$2:$A$145,$L$75,Media_Cliente_Mes!$B$2:$B$145,$A75),0) -> 0 | M76: =IFERROR(SUMIFS(Media_Cliente_Mes!$C$2:$C$145,Media_Cliente_Mes!$A$2:$A$145,$M$75,Media_Cliente_Mes!$B$2:$B$145,$A75),0) -> 0 | N76: =SUM(B76:M76) -> 68047
A77: Proteina Bruta (%) | B77: =IFERROR(SUMIFS(Media_Cliente_Mes!$D$2:$D$145,Media_Cliente_Mes!$A$2:$A$145,$B$75,Media_Cliente_Mes!$B$2:$B$145,$A75),0) -> 47.12 | C77: =IFERROR(SUMIFS(Media_Cliente_Mes!$D$2:$D$145,Media_Cliente_Mes!$A$2:$A$145,$C$75,Media_Cliente_Mes!$B$2:$B$145,$A75),0) -> 47.870284 | D77: =IFERROR(SUMIFS(Media_Cliente_Mes!$D$2:$D$145,Media_Cliente_Mes!$A$2:$A$145,$D$75,Media_Cliente_Mes!$B$2:$B$145,$A75),0) -> 47.91 | E77: =IFERROR(SUMIFS(Media_Cliente_Mes!$D$2:$D$145,Media_Cliente_Mes!$A$2:$A$145,$E$75,Media_Cliente_Mes!$B$2:$B$145,$A75),0) -> 47.26 | F77: =IFERROR(SUMIFS(Media_Cliente_Mes!$D$2:$D$145,Media_Cliente_Mes!$A$2:$A$145,$F$75,Media_Cliente_Mes!$B$2:$B$145,$A75),0) -> 47.51 | G77: =IFERROR(SUMIFS(Media_Cliente_Mes!$D$2:$D$145,Media_Cliente_Mes!$A$2:$A$145,$G$75,Media_Cliente_Mes!$B$2:$B$145,$A75),0) -> 47.785584 | H77: =IFERROR(SUMIFS(Media_Cliente_Mes!$D$2:$D$145,Media_Cliente_Mes!$A$2:$A$145,$H$75,Media_Cliente_Mes!$B$2:$B$145,$A75),0) -> 47.252229 | I77: =IFERROR(SUMIFS(Media_Cliente_Mes!$D$2:$D$145,Media_Cliente_Mes!$A$2:$A$145,$I$75,Media_Cliente_Mes!$B$2:$B$145,$A75),0) -> 47.3 | J77: =IFERROR(SUMIFS(Media_Cliente_Mes!$D$2:$D$145,Media_Cliente_Mes!$A$2:$A$145,$J$75,Media_Cliente_Mes!$B$2:$B$145,$A75),0) -> 0 | K77: =IFERROR(SUMIFS(Media_Cliente_Mes!$D$2:$D$145,Media_Cliente_Mes!$A$2:$A$145,$K$75,Media_Cliente_Mes!$B$2:$B$145,$A75),0) -> 47.87 | L77: =IFERROR(SUMIFS(Media_Cliente_Mes!$D$2:$D$145,Media_Cliente_Mes!$A$2:$A$145,$L$75,Media_Cliente_Mes!$B$2:$B$145,$A75),0) -> 0 | M77: =IFERROR(SUMIFS(Media_Cliente_Mes!$D$2:$D$145,Media_Cliente_Mes!$A$2:$A$145,$M$75,Media_Cliente_Mes!$B$2:$B$145,$A75),0) -> 0 | N77: =IFERROR(SUMPRODUCT(B76:M76,B77:M77)/SUM(B76:M76),0) -> 47.538751
A78: Umidade (%) | B78: =IFERROR(SUMIFS(Media_Cliente_Mes!$E$2:$E$145,Media_Cliente_Mes!$A$2:$A$145,$B$75,Media_Cliente_Mes!$B$2:$B$145,$A75),0) -> 12.28 | C78: =IFERROR(SUMIFS(Media_Cliente_Mes!$E$2:$E$145,Media_Cliente_Mes!$A$2:$A$145,$C$75,Media_Cliente_Mes!$B$2:$B$145,$A75),0) -> 12.299297 | D78: =IFERROR(SUMIFS(Media_Cliente_Mes!$E$2:$E$145,Media_Cliente_Mes!$A$2:$A$145,$D$75,Media_Cliente_Mes!$B$2:$B$145,$A75),0) -> 12.62 | E78: =IFERROR(SUMIFS(Media_Cliente_Mes!$E$2:$E$145,Media_Cliente_Mes!$A$2:$A$145,$E$75,Media_Cliente_Mes!$B$2:$B$145,$A75),0) -> 11.78 | F78: =IFERROR(SUMIFS(Media_Cliente_Mes!$E$2:$E$145,Media_Cliente_Mes!$A$2:$A$145,$F$75,Media_Cliente_Mes!$B$2:$B$145,$A75),0) -> 12.76 | G78: =IFERROR(SUMIFS(Media_Cliente_Mes!$E$2:$E$145,Media_Cliente_Mes!$A$2:$A$145,$G$75,Media_Cliente_Mes!$B$2:$B$145,$A75),0) -> 12.373721 | H78: =IFERROR(SUMIFS(Media_Cliente_Mes!$E$2:$E$145,Media_Cliente_Mes!$A$2:$A$145,$H$75,Media_Cliente_Mes!$B$2:$B$145,$A75),0) -> 12.265248 | I78: =IFERROR(SUMIFS(Media_Cliente_Mes!$E$2:$E$145,Media_Cliente_Mes!$A$2:$A$145,$I$75,Media_Cliente_Mes!$B$2:$B$145,$A75),0) -> 12.52 | J78: =IFERROR(SUMIFS(Media_Cliente_Mes!$E$2:$E$145,Media_Cliente_Mes!$A$2:$A$145,$J$75,Media_Cliente_Mes!$B$2:$B$145,$A75),0) -> 0 | K78: =IFERROR(SUMIFS(Media_Cliente_Mes!$E$2:$E$145,Media_Cliente_Mes!$A$2:$A$145,$K$75,Media_Cliente_Mes!$B$2:$B$145,$A75),0) -> 12.71 | L78: =IFERROR(SUMIFS(Media_Cliente_Mes!$E$2:$E$145,Media_Cliente_Mes!$A$2:$A$145,$L$75,Media_Cliente_Mes!$B$2:$B$145,$A75),0) -> 0 | M78: =IFERROR(SUMIFS(Media_Cliente_Mes!$E$2:$E$145,Media_Cliente_Mes!$A$2:$A$145,$M$75,Media_Cliente_Mes!$B$2:$B$145,$A75),0) -> 0 | N78: =IFERROR(SUMPRODUCT(B76:M76,B78:M78)/SUM(B76:M76),0) -> 12.477458
A79: Fibra (%) | B79: =IFERROR(SUMIFS(Media_Cliente_Mes!$F$2:$F$145,Media_Cliente_Mes!$A$2:$A$145,$B$75,Media_Cliente_Mes!$B$2:$B$145,$A75),0) -> 3.91 | C79: =IFERROR(SUMIFS(Media_Cliente_Mes!$F$2:$F$145,Media_Cliente_Mes!$A$2:$A$145,$C$75,Media_Cliente_Mes!$B$2:$B$145,$A75),0) -> 3.6106869 | D79: =IFERROR(SUMIFS(Media_Cliente_Mes!$F$2:$F$145,Media_Cliente_Mes!$A$2:$A$145,$D$75,Media_Cliente_Mes!$B$2:$B$145,$A75),0) -> 3.56 | E79: =IFERROR(SUMIFS(Media_Cliente_Mes!$F$2:$F$145,Media_Cliente_Mes!$A$2:$A$145,$E$75,Media_Cliente_Mes!$B$2:$B$145,$A75),0) -> 3.87 | F79: =IFERROR(SUMIFS(Media_Cliente_Mes!$F$2:$F$145,Media_Cliente_Mes!$A$2:$A$145,$F$75,Media_Cliente_Mes!$B$2:$B$145,$A75),0) -> 3.64 | G79: =IFERROR(SUMIFS(Media_Cliente_Mes!$F$2:$F$145,Media_Cliente_Mes!$A$2:$A$145,$G$75,Media_Cliente_Mes!$B$2:$B$145,$A75),0) -> 3.6895327 | H79: =IFERROR(SUMIFS(Media_Cliente_Mes!$F$2:$F$145,Media_Cliente_Mes!$A$2:$A$145,$H$75,Media_Cliente_Mes!$B$2:$B$145,$A75),0) -> 3.8261553 | I79: =IFERROR(SUMIFS(Media_Cliente_Mes!$F$2:$F$145,Media_Cliente_Mes!$A$2:$A$145,$I$75,Media_Cliente_Mes!$B$2:$B$145,$A75),0) -> 3.82 | J79: =IFERROR(SUMIFS(Media_Cliente_Mes!$F$2:$F$145,Media_Cliente_Mes!$A$2:$A$145,$J$75,Media_Cliente_Mes!$B$2:$B$145,$A75),0) -> 0 | K79: =IFERROR(SUMIFS(Media_Cliente_Mes!$F$2:$F$145,Media_Cliente_Mes!$A$2:$A$145,$K$75,Media_Cliente_Mes!$B$2:$B$145,$A75),0) -> 3.61 | L79: =IFERROR(SUMIFS(Media_Cliente_Mes!$F$2:$F$145,Media_Cliente_Mes!$A$2:$A$145,$L$75,Media_Cliente_Mes!$B$2:$B$145,$A75),0) -> 0 | M79: =IFERROR(SUMIFS(Media_Cliente_Mes!$F$2:$F$145,Media_Cliente_Mes!$A$2:$A$145,$M$75,Media_Cliente_Mes!$B$2:$B$145,$A75),0) -> 0 | N79: =IFERROR(SUMPRODUCT(B76:M76,B79:M79)/SUM(B76:M76),0) -> 3.7061372
A80: Oleo (%) | B80: =IFERROR(SUMIFS(Media_Cliente_Mes!$G$2:$G$145,Media_Cliente_Mes!$A$2:$A$145,$B$75,Media_Cliente_Mes!$B$2:$B$145,$A75),0) -> 1.65 | C80: =IFERROR(SUMIFS(Media_Cliente_Mes!$G$2:$G$145,Media_Cliente_Mes!$A$2:$A$145,$C$75,Media_Cliente_Mes!$B$2:$B$145,$A75),0) -> 1.1938639 | D80: =IFERROR(SUMIFS(Media_Cliente_Mes!$G$2:$G$145,Media_Cliente_Mes!$A$2:$A$145,$D$75,Media_Cliente_Mes!$B$2:$B$145,$A75),0) -> 1.42 | E80: =IFERROR(SUMIFS(Media_Cliente_Mes!$G$2:$G$145,Media_Cliente_Mes!$A$2:$A$145,$E$75,Media_Cliente_Mes!$B$2:$B$145,$A75),0) -> 1.65 | F80: =IFERROR(SUMIFS(Media_Cliente_Mes!$G$2:$G$145,Media_Cliente_Mes!$A$2:$A$145,$F$75,Media_Cliente_Mes!$B$2:$B$145,$A75),0) -> 1.57 | G80: =IFERROR(SUMIFS(Media_Cliente_Mes!$G$2:$G$145,Media_Cliente_Mes!$A$2:$A$145,$G$75,Media_Cliente_Mes!$B$2:$B$145,$A75),0) -> 1.6783704 | H80: =IFERROR(SUMIFS(Media_Cliente_Mes!$G$2:$G$145,Media_Cliente_Mes!$A$2:$A$145,$H$75,Media_Cliente_Mes!$B$2:$B$145,$A75),0) -> 1.7453117 | I80: =IFERROR(SUMIFS(Media_Cliente_Mes!$G$2:$G$145,Media_Cliente_Mes!$A$2:$A$145,$I$75,Media_Cliente_Mes!$B$2:$B$145,$A75),0) -> 1.65 | J80: =IFERROR(SUMIFS(Media_Cliente_Mes!$G$2:$G$145,Media_Cliente_Mes!$A$2:$A$145,$J$75,Media_Cliente_Mes!$B$2:$B$145,$A75),0) -> 0 | K80: =IFERROR(SUMIFS(Media_Cliente_Mes!$G$2:$G$145,Media_Cliente_Mes!$A$2:$A$145,$K$75,Media_Cliente_Mes!$B$2:$B$145,$A75),0) -> 1.08 | L80: =IFERROR(SUMIFS(Media_Cliente_Mes!$G$2:$G$145,Media_Cliente_Mes!$A$2:$A$145,$L$75,Media_Cliente_Mes!$B$2:$B$145,$A75),0) -> 0 | M80: =IFERROR(SUMIFS(Media_Cliente_Mes!$G$2:$G$145,Media_Cliente_Mes!$A$2:$A$145,$M$75,Media_Cliente_Mes!$B$2:$B$145,$A75),0) -> 0 | N80: =IFERROR(SUMPRODUCT(B76:M76,B80:M80)/SUM(B76:M76),0) -> 1.5282157
A81: Vol. Rodo (t) | B81: =IFERROR(SUMIFS(Media_Cliente_Mes!$H$2:$H$145,Media_Cliente_Mes!$A$2:$A$145,$B$75,Media_Cliente_Mes!$B$2:$B$145,$A75),0) -> 0 | C81: =IFERROR(SUMIFS(Media_Cliente_Mes!$H$2:$H$145,Media_Cliente_Mes!$A$2:$A$145,$C$75,Media_Cliente_Mes!$B$2:$B$145,$A75),0) -> 9016.69 | D81: =IFERROR(SUMIFS(Media_Cliente_Mes!$H$2:$H$145,Media_Cliente_Mes!$A$2:$A$145,$D$75,Media_Cliente_Mes!$B$2:$B$145,$A75),0) -> 0 | E81: =IFERROR(SUMIFS(Media_Cliente_Mes!$H$2:$H$145,Media_Cliente_Mes!$A$2:$A$145,$E$75,Media_Cliente_Mes!$B$2:$B$145,$A75),0) -> 229.82 | F81: =IFERROR(SUMIFS(Media_Cliente_Mes!$H$2:$H$145,Media_Cliente_Mes!$A$2:$A$145,$F$75,Media_Cliente_Mes!$B$2:$B$145,$A75),0) -> 0 | G81: =IFERROR(SUMIFS(Media_Cliente_Mes!$H$2:$H$145,Media_Cliente_Mes!$A$2:$A$145,$G$75,Media_Cliente_Mes!$B$2:$B$145,$A75),0) -> 1905.71 | H81: =IFERROR(SUMIFS(Media_Cliente_Mes!$H$2:$H$145,Media_Cliente_Mes!$A$2:$A$145,$H$75,Media_Cliente_Mes!$B$2:$B$145,$A75),0) -> 0 | I81: =IFERROR(SUMIFS(Media_Cliente_Mes!$H$2:$H$145,Media_Cliente_Mes!$A$2:$A$145,$I$75,Media_Cliente_Mes!$B$2:$B$145,$A75),0) -> 0 | J81: =IFERROR(SUMIFS(Media_Cliente_Mes!$H$2:$H$145,Media_Cliente_Mes!$A$2:$A$145,$J$75,Media_Cliente_Mes!$B$2:$B$145,$A75),0) -> 0 | K81: =IFERROR(SUMIFS(Media_Cliente_Mes!$H$2:$H$145,Media_Cliente_Mes!$A$2:$A$145,$K$75,Media_Cliente_Mes!$B$2:$B$145,$A75),0) -> 0 | L81: =IFERROR(SUMIFS(Media_Cliente_Mes!$H$2:$H$145,Media_Cliente_Mes!$A$2:$A$145,$L$75,Media_Cliente_Mes!$B$2:$B$145,$A75),0) -> 0 | M81: =IFERROR(SUMIFS(Media_Cliente_Mes!$H$2:$H$145,Media_Cliente_Mes!$A$2:$A$145,$M$75,Media_Cliente_Mes!$B$2:$B$145,$A75),0) -> 0 | N81: =SUM(B81:M81) -> 11152.22
A82: Vol. Ferro (t) | B82: =IFERROR(SUMIFS(Media_Cliente_Mes!$I$2:$I$145,Media_Cliente_Mes!$A$2:$A$145,$B$75,Media_Cliente_Mes!$B$2:$B$145,$A75),0) -> 2244.02 | C82: =IFERROR(SUMIFS(Media_Cliente_Mes!$I$2:$I$145,Media_Cliente_Mes!$A$2:$A$145,$C$75,Media_Cliente_Mes!$B$2:$B$145,$A75),0) -> 178.36 | D82: =IFERROR(SUMIFS(Media_Cliente_Mes!$I$2:$I$145,Media_Cliente_Mes!$A$2:$A$145,$D$75,Media_Cliente_Mes!$B$2:$B$145,$A75),0) -> 4163.45 | E82: =IFERROR(SUMIFS(Media_Cliente_Mes!$I$2:$I$145,Media_Cliente_Mes!$A$2:$A$145,$E$75,Media_Cliente_Mes!$B$2:$B$145,$A75),0) -> 0 | F82: =IFERROR(SUMIFS(Media_Cliente_Mes!$I$2:$I$145,Media_Cliente_Mes!$A$2:$A$145,$F$75,Media_Cliente_Mes!$B$2:$B$145,$A75),0) -> 16598.01 | G82: =IFERROR(SUMIFS(Media_Cliente_Mes!$I$2:$I$145,Media_Cliente_Mes!$A$2:$A$145,$G$75,Media_Cliente_Mes!$B$2:$B$145,$A75),0) -> 3216.07 | H82: =IFERROR(SUMIFS(Media_Cliente_Mes!$I$2:$I$145,Media_Cliente_Mes!$A$2:$A$145,$H$75,Media_Cliente_Mes!$B$2:$B$145,$A75),0) -> 19994.68 | I82: =IFERROR(SUMIFS(Media_Cliente_Mes!$I$2:$I$145,Media_Cliente_Mes!$A$2:$A$145,$I$75,Media_Cliente_Mes!$B$2:$B$145,$A75),0) -> 3730.96 | J82: =IFERROR(SUMIFS(Media_Cliente_Mes!$I$2:$I$145,Media_Cliente_Mes!$A$2:$A$145,$J$75,Media_Cliente_Mes!$B$2:$B$145,$A75),0) -> 0 | K82: =IFERROR(SUMIFS(Media_Cliente_Mes!$I$2:$I$145,Media_Cliente_Mes!$A$2:$A$145,$K$75,Media_Cliente_Mes!$B$2:$B$145,$A75),0) -> 6769.23 | L82: =IFERROR(SUMIFS(Media_Cliente_Mes!$I$2:$I$145,Media_Cliente_Mes!$A$2:$A$145,$L$75,Media_Cliente_Mes!$B$2:$B$145,$A75),0) -> 0 | M82: =IFERROR(SUMIFS(Media_Cliente_Mes!$I$2:$I$145,Media_Cliente_Mes!$A$2:$A$145,$M$75,Media_Cliente_Mes!$B$2:$B$145,$A75),0) -> 0 | N82: =SUM(B82:M82) -> 56894.78
A84: Out | B84: Amaggi | C84: Brejeiro | D84: Caramuru | E84: Cargill | F84: Cofco | G84: 3Tentos | H84: Bunge | I84: ADM | J84: Aliança | K84: Olfar | L84: Novo06 | M84: Novo07 | N84: Media Pool
A85: Volume | B85: =IFERROR(SUMIFS(Media_Cliente_Mes!$C$2:$C$145,Media_Cliente_Mes!$A$2:$A$145,$B$84,Media_Cliente_Mes!$B$2:$B$145,$A84),0) -> 0 | C85: =IFERROR(SUMIFS(Media_Cliente_Mes!$C$2:$C$145,Media_Cliente_Mes!$A$2:$A$145,$C$84,Media_Cliente_Mes!$B$2:$B$145,$A84),0) -> 0 | D85: =IFERROR(SUMIFS(Media_Cliente_Mes!$C$2:$C$145,Media_Cliente_Mes!$A$2:$A$145,$D$84,Media_Cliente_Mes!$B$2:$B$145,$A84),0) -> 0 | E85: =IFERROR(SUMIFS(Media_Cliente_Mes!$C$2:$C$145,Media_Cliente_Mes!$A$2:$A$145,$E$84,Media_Cliente_Mes!$B$2:$B$145,$A84),0) -> 0 | F85: =IFERROR(SUMIFS(Media_Cliente_Mes!$C$2:$C$145,Media_Cliente_Mes!$A$2:$A$145,$F$84,Media_Cliente_Mes!$B$2:$B$145,$A84),0) -> 0 | G85: =IFERROR(SUMIFS(Media_Cliente_Mes!$C$2:$C$145,Media_Cliente_Mes!$A$2:$A$145,$G$84,Media_Cliente_Mes!$B$2:$B$145,$A84),0) -> 0 | H85: =IFERROR(SUMIFS(Media_Cliente_Mes!$C$2:$C$145,Media_Cliente_Mes!$A$2:$A$145,$H$84,Media_Cliente_Mes!$B$2:$B$145,$A84),0) -> 0 | I85: =IFERROR(SUMIFS(Media_Cliente_Mes!$C$2:$C$145,Media_Cliente_Mes!$A$2:$A$145,$I$84,Media_Cliente_Mes!$B$2:$B$145,$A84),0) -> 0 | J85: =IFERROR(SUMIFS(Media_Cliente_Mes!$C$2:$C$145,Media_Cliente_Mes!$A$2:$A$145,$J$84,Media_Cliente_Mes!$B$2:$B$145,$A84),0) -> 0 | K85: =IFERROR(SUMIFS(Media_Cliente_Mes!$C$2:$C$145,Media_Cliente_Mes!$A$2:$A$145,$K$84,Media_Cliente_Mes!$B$2:$B$145,$A84),0) -> 0 | L85: =IFERROR(SUMIFS(Media_Cliente_Mes!$C$2:$C$145,Media_Cliente_Mes!$A$2:$A$145,$L$84,Media_Cliente_Mes!$B$2:$B$145,$A84),0) -> 0 | M85: =IFERROR(SUMIFS(Media_Cliente_Mes!$C$2:$C$145,Media_Cliente_Mes!$A$2:$A$145,$M$84,Media_Cliente_Mes!$B$2:$B$145,$A84),0) -> 0 | N85: =SUM(B85:M85) -> 0
A86: Proteina Bruta (%) | B86: =IFERROR(SUMIFS(Media_Cliente_Mes!$D$2:$D$145,Media_Cliente_Mes!$A$2:$A$145,$B$84,Media_Cliente_Mes!$B$2:$B$145,$A84),0) -> 0 | C86: =IFERROR(SUMIFS(Media_Cliente_Mes!$D$2:$D$145,Media_Cliente_Mes!$A$2:$A$145,$C$84,Media_Cliente_Mes!$B$2:$B$145,$A84),0) -> 0 | D86: =IFERROR(SUMIFS(Media_Cliente_Mes!$D$2:$D$145,Media_Cliente_Mes!$A$2:$A$145,$D$84,Media_Cliente_Mes!$B$2:$B$145,$A84),0) -> 0 | E86: =IFERROR(SUMIFS(Media_Cliente_Mes!$D$2:$D$145,Media_Cliente_Mes!$A$2:$A$145,$E$84,Media_Cliente_Mes!$B$2:$B$145,$A84),0) -> 0 | F86: =IFERROR(SUMIFS(Media_Cliente_Mes!$D$2:$D$145,Media_Cliente_Mes!$A$2:$A$145,$F$84,Media_Cliente_Mes!$B$2:$B$145,$A84),0) -> 0 | G86: =IFERROR(SUMIFS(Media_Cliente_Mes!$D$2:$D$145,Media_Cliente_Mes!$A$2:$A$145,$G$84,Media_Cliente_Mes!$B$2:$B$145,$A84),0) -> 0 | H86: =IFERROR(SUMIFS(Media_Cliente_Mes!$D$2:$D$145,Media_Cliente_Mes!$A$2:$A$145,$H$84,Media_Cliente_Mes!$B$2:$B$145,$A84),0) -> 0 | I86: =IFERROR(SUMIFS(Media_Cliente_Mes!$D$2:$D$145,Media_Cliente_Mes!$A$2:$A$145,$I$84,Media_Cliente_Mes!$B$2:$B$145,$A84),0) -> 0 | J86: =IFERROR(SUMIFS(Media_Cliente_Mes!$D$2:$D$145,Media_Cliente_Mes!$A$2:$A$145,$J$84,Media_Cliente_Mes!$B$2:$B$145,$A84),0) -> 0 | K86: =IFERROR(SUMIFS(Media_Cliente_Mes!$D$2:$D$145,Media_Cliente_Mes!$A$2:$A$145,$K$84,Media_Cliente_Mes!$B$2:$B$145,$A84),0) -> 0 | L86: =IFERROR(SUMIFS(Media_Cliente_Mes!$D$2:$D$145,Media_Cliente_Mes!$A$2:$A$145,$L$84,Media_Cliente_Mes!$B$2:$B$145,$A84),0) -> 0 | M86: =IFERROR(SUMIFS(Media_Cliente_Mes!$D$2:$D$145,Media_Cliente_Mes!$A$2:$A$145,$M$84,Media_Cliente_Mes!$B$2:$B$145,$A84),0) -> 0 | N86: =IFERROR(SUMPRODUCT(B85:M85,B86:M86)/SUM(B85:M85),0) -> 0
A87: Umidade (%) | B87: =IFERROR(SUMIFS(Media_Cliente_Mes!$E$2:$E$145,Media_Cliente_Mes!$A$2:$A$145,$B$84,Media_Cliente_Mes!$B$2:$B$145,$A84),0) -> 0 | C87: =IFERROR(SUMIFS(Media_Cliente_Mes!$E$2:$E$145,Media_Cliente_Mes!$A$2:$A$145,$C$84,Media_Cliente_Mes!$B$2:$B$145,$A84),0) -> 0 | D87: =IFERROR(SUMIFS(Media_Cliente_Mes!$E$2:$E$145,Media_Cliente_Mes!$A$2:$A$145,$D$84,Media_Cliente_Mes!$B$2:$B$145,$A84),0) -> 0 | E87: =IFERROR(SUMIFS(Media_Cliente_Mes!$E$2:$E$145,Media_Cliente_Mes!$A$2:$A$145,$E$84,Media_Cliente_Mes!$B$2:$B$145,$A84),0) -> 0 | F87: =IFERROR(SUMIFS(Media_Cliente_Mes!$E$2:$E$145,Media_Cliente_Mes!$A$2:$A$145,$F$84,Media_Cliente_Mes!$B$2:$B$145,$A84),0) -> 0 | G87: =IFERROR(SUMIFS(Media_Cliente_Mes!$E$2:$E$145,Media_Cliente_Mes!$A$2:$A$145,$G$84,Media_Cliente_Mes!$B$2:$B$145,$A84),0) -> 0 | H87: =IFERROR(SUMIFS(Media_Cliente_Mes!$E$2:$E$145,Media_Cliente_Mes!$A$2:$A$145,$H$84,Media_Cliente_Mes!$B$2:$B$145,$A84),0) -> 0 | I87: =IFERROR(SUMIFS(Media_Cliente_Mes!$E$2:$E$145,Media_Cliente_Mes!$A$2:$A$145,$I$84,Media_Cliente_Mes!$B$2:$B$145,$A84),0) -> 0 | J87: =IFERROR(SUMIFS(Media_Cliente_Mes!$E$2:$E$145,Media_Cliente_Mes!$A$2:$A$145,$J$84,Media_Cliente_Mes!$B$2:$B$145,$A84),0) -> 0 | K87: =IFERROR(SUMIFS(Media_Cliente_Mes!$E$2:$E$145,Media_Cliente_Mes!$A$2:$A$145,$K$84,Media_Cliente_Mes!$B$2:$B$145,$A84),0) -> 0 | L87: =IFERROR(SUMIFS(Media_Cliente_Mes!$E$2:$E$145,Media_Cliente_Mes!$A$2:$A$145,$L$84,Media_Cliente_Mes!$B$2:$B$145,$A84),0) -> 0 | M87: =IFERROR(SUMIFS(Media_Cliente_Mes!$E$2:$E$145,Media_Cliente_Mes!$A$2:$A$145,$M$84,Media_Cliente_Mes!$B$2:$B$145,$A84),0) -> 0 | N87: =IFERROR(SUMPRODUCT(B85:M85,B87:M87)/SUM(B85:M85),0) -> 0
A88: Fibra (%) | B88: =IFERROR(SUMIFS(Media_Cliente_Mes!$F$2:$F$145,Media_Cliente_Mes!$A$2:$A$145,$B$84,Media_Cliente_Mes!$B$2:$B$145,$A84),0) -> 0 | C88: =IFERROR(SUMIFS(Media_Cliente_Mes!$F$2:$F$145,Media_Cliente_Mes!$A$2:$A$145,$C$84,Media_Cliente_Mes!$B$2:$B$145,$A84),0) -> 0 | D88: =IFERROR(SUMIFS(Media_Cliente_Mes!$F$2:$F$145,Media_Cliente_Mes!$A$2:$A$145,$D$84,Media_Cliente_Mes!$B$2:$B$145,$A84),0) -> 0 | E88: =IFERROR(SUMIFS(Media_Cliente_Mes!$F$2:$F$145,Media_Cliente_Mes!$A$2:$A$145,$E$84,Media_Cliente_Mes!$B$2:$B$145,$A84),0) -> 0 | F88: =IFERROR(SUMIFS(Media_Cliente_Mes!$F$2:$F$145,Media_Cliente_Mes!$A$2:$A$145,$F$84,Media_Cliente_Mes!$B$2:$B$145,$A84),0) -> 0 | G88: =IFERROR(SUMIFS(Media_Cliente_Mes!$F$2:$F$145,Media_Cliente_Mes!$A$2:$A$145,$G$84,Media_Cliente_Mes!$B$2:$B$145,$A84),0) -> 0 | H88: =IFERROR(SUMIFS(Media_Cliente_Mes!$F$2:$F$145,Media_Cliente_Mes!$A$2:$A$145,$H$84,Media_Cliente_Mes!$B$2:$B$145,$A84),0) -> 0 | I88: =IFERROR(SUMIFS(Media_Cliente_Mes!$F$2:$F$145,Media_Cliente_Mes!$A$2:$A$145,$I$84,Media_Cliente_Mes!$B$2:$B$145,$A84),0) -> 0 | J88: =IFERROR(SUMIFS(Media_Cliente_Mes!$F$2:$F$145,Media_Cliente_Mes!$A$2:$A$145,$J$84,Media_Cliente_Mes!$B$2:$B$145,$A84),0) -> 0 | K88: =IFERROR(SUMIFS(Media_Cliente_Mes!$F$2:$F$145,Media_Cliente_Mes!$A$2:$A$145,$K$84,Media_Cliente_Mes!$B$2:$B$145,$A84),0) -> 0 | L88: =IFERROR(SUMIFS(Media_Cliente_Mes!$F$2:$F$145,Media_Cliente_Mes!$A$2:$A$145,$L$84,Media_Cliente_Mes!$B$2:$B$145,$A84),0) -> 0 | M88: =IFERROR(SUMIFS(Media_Cliente_Mes!$F$2:$F$145,Media_Cliente_Mes!$A$2:$A$145,$M$84,Media_Cliente_Mes!$B$2:$B$145,$A84),0) -> 0 | N88: =IFERROR(SUMPRODUCT(B85:M85,B88:M88)/SUM(B85:M85),0) -> 0
A89: Oleo (%) | B89: =IFERROR(SUMIFS(Media_Cliente_Mes!$G$2:$G$145,Media_Cliente_Mes!$A$2:$A$145,$B$84,Media_Cliente_Mes!$B$2:$B$145,$A84),0) -> 0 | C89: =IFERROR(SUMIFS(Media_Cliente_Mes!$G$2:$G$145,Media_Cliente_Mes!$A$2:$A$145,$C$84,Media_Cliente_Mes!$B$2:$B$145,$A84),0) -> 0 | D89: =IFERROR(SUMIFS(Media_Cliente_Mes!$G$2:$G$145,Media_Cliente_Mes!$A$2:$A$145,$D$84,Media_Cliente_Mes!$B$2:$B$145,$A84),0) -> 0 | E89: =IFERROR(SUMIFS(Media_Cliente_Mes!$G$2:$G$145,Media_Cliente_Mes!$A$2:$A$145,$E$84,Media_Cliente_Mes!$B$2:$B$145,$A84),0) -> 0 | F89: =IFERROR(SUMIFS(Media_Cliente_Mes!$G$2:$G$145,Media_Cliente_Mes!$A$2:$A$145,$F$84,Media_Cliente_Mes!$B$2:$B$145,$A84),0) -> 0 | G89: =IFERROR(SUMIFS(Media_Cliente_Mes!$G$2:$G$145,Media_Cliente_Mes!$A$2:$A$145,$G$84,Media_Cliente_Mes!$B$2:$B$145,$A84),0) -> 0 | H89: =IFERROR(SUMIFS(Media_Cliente_Mes!$G$2:$G$145,Media_Cliente_Mes!$A$2:$A$145,$H$84,Media_Cliente_Mes!$B$2:$B$145,$A84),0) -> 0 | I89: =IFERROR(SUMIFS(Media_Cliente_Mes!$G$2:$G$145,Media_Cliente_Mes!$A$2:$A$145,$I$84,Media_Cliente_Mes!$B$2:$B$145,$A84),0) -> 0 | J89: =IFERROR(SUMIFS(Media_Cliente_Mes!$G$2:$G$145,Media_Cliente_Mes!$A$2:$A$145,$J$84,Media_Cliente_Mes!$B$2:$B$145,$A84),0) -> 0 | K89: =IFERROR(SUMIFS(Media_Cliente_Mes!$G$2:$G$145,Media_Cliente_Mes!$A$2:$A$145,$K$84,Media_Cliente_Mes!$B$2:$B$145,$A84),0) -> 0 | L89: =IFERROR(SUMIFS(Media_Cliente_Mes!$G$2:$G$145,Media_Cliente_Mes!$A$2:$A$145,$L$84,Media_Cliente_Mes!$B$2:$B$145,$A84),0) -> 0 | M89: =IFERROR(SUMIFS(Media_Cliente_Mes!$G$2:$G$145,Media_Cliente_Mes!$A$2:$A$145,$M$84,Media_Cliente_Mes!$B$2:$B$145,$A84),0) -> 0 | N89: =IFERROR(SUMPRODUCT(B85:M85,B89:M89)/SUM(B85:M85),0) -> 0
A90: Vol. Rodo (t) | B90: =IFERROR(SUMIFS(Media_Cliente_Mes!$H$2:$H$145,Media_Cliente_Mes!$A$2:$A$145,$B$84,Media_Cliente_Mes!$B$2:$B$145,$A84),0) -> 0 | C90: =IFERROR(SUMIFS(Media_Cliente_Mes!$H$2:$H$145,Media_Cliente_Mes!$A$2:$A$145,$C$84,Media_Cliente_Mes!$B$2:$B$145,$A84),0) -> 0 | D90: =IFERROR(SUMIFS(Media_Cliente_Mes!$H$2:$H$145,Media_Cliente_Mes!$A$2:$A$145,$D$84,Media_Cliente_Mes!$B$2:$B$145,$A84),0) -> 0 | E90: =IFERROR(SUMIFS(Media_Cliente_Mes!$H$2:$H$145,Media_Cliente_Mes!$A$2:$A$145,$E$84,Media_Cliente_Mes!$B$2:$B$145,$A84),0) -> 0 | F90: =IFERROR(SUMIFS(Media_Cliente_Mes!$H$2:$H$145,Media_Cliente_Mes!$A$2:$A$145,$F$84,Media_Cliente_Mes!$B$2:$B$145,$A84),0) -> 0 | G90: =IFERROR(SUMIFS(Media_Cliente_Mes!$H$2:$H$145,Media_Cliente_Mes!$A$2:$A$145,$G$84,Media_Cliente_Mes!$B$2:$B$145,$A84),0) -> 0 | H90: =IFERROR(SUMIFS(Media_Cliente_Mes!$H$2:$H$145,Media_Cliente_Mes!$A$2:$A$145,$H$84,Media_Cliente_Mes!$B$2:$B$145,$A84),0) -> 0 | I90: =IFERROR(SUMIFS(Media_Cliente_Mes!$H$2:$H$145,Media_Cliente_Mes!$A$2:$A$145,$I$84,Media_Cliente_Mes!$B$2:$B$145,$A84),0) -> 0 | J90: =IFERROR(SUMIFS(Media_Cliente_Mes!$H$2:$H$145,Media_Cliente_Mes!$A$2:$A$145,$J$84,Media_Cliente_Mes!$B$2:$B$145,$A84),0) -> 0 | K90: =IFERROR(SUMIFS(Media_Cliente_Mes!$H$2:$H$145,Media_Cliente_Mes!$A$2:$A$145,$K$84,Media_Cliente_Mes!$B$2:$B$145,$A84),0) -> 0 | L90: =IFERROR(SUMIFS(Media_Cliente_Mes!$H$2:$H$145,Media_Cliente_Mes!$A$2:$A$145,$L$84,Media_Cliente_Mes!$B$2:$B$145,$A84),0) -> 0 | M90: =IFERROR(SUMIFS(Media_Cliente_Mes!$H$2:$H$145,Media_Cliente_Mes!$A$2:$A$145,$M$84,Media_Cliente_Mes!$B$2:$B$145,$A84),0) -> 0 | N90: =SUM(B90:M90) -> 0
A91: Vol. Ferro (t) | B91: =IFERROR(SUMIFS(Media_Cliente_Mes!$I$2:$I$145,Media_Cliente_Mes!$A$2:$A$145,$B$84,Media_Cliente_Mes!$B$2:$B$145,$A84),0) -> 0 | C91: =IFERROR(SUMIFS(Media_Cliente_Mes!$I$2:$I$145,Media_Cliente_Mes!$A$2:$A$145,$C$84,Media_Cliente_Mes!$B$2:$B$145,$A84),0) -> 0 | D91: =IFERROR(SUMIFS(Media_Cliente_Mes!$I$2:$I$145,Media_Cliente_Mes!$A$2:$A$145,$D$84,Media_Cliente_Mes!$B$2:$B$145,$A84),0) -> 0 | E91: =IFERROR(SUMIFS(Media_Cliente_Mes!$I$2:$I$145,Media_Cliente_Mes!$A$2:$A$145,$E$84,Media_Cliente_Mes!$B$2:$B$145,$A84),0) -> 0 | F91: =IFERROR(SUMIFS(Media_Cliente_Mes!$I$2:$I$145,Media_Cliente_Mes!$A$2:$A$145,$F$84,Media_Cliente_Mes!$B$2:$B$145,$A84),0) -> 0 | G91: =IFERROR(SUMIFS(Media_Cliente_Mes!$I$2:$I$145,Media_Cliente_Mes!$A$2:$A$145,$G$84,Media_Cliente_Mes!$B$2:$B$145,$A84),0) -> 0 | H91: =IFERROR(SUMIFS(Media_Cliente_Mes!$I$2:$I$145,Media_Cliente_Mes!$A$2:$A$145,$H$84,Media_Cliente_Mes!$B$2:$B$145,$A84),0) -> 0 | I91: =IFERROR(SUMIFS(Media_Cliente_Mes!$I$2:$I$145,Media_Cliente_Mes!$A$2:$A$145,$I$84,Media_Cliente_Mes!$B$2:$B$145,$A84),0) -> 0 | J91: =IFERROR(SUMIFS(Media_Cliente_Mes!$I$2:$I$145,Media_Cliente_Mes!$A$2:$A$145,$J$84,Media_Cliente_Mes!$B$2:$B$145,$A84),0) -> 0 | K91: =IFERROR(SUMIFS(Media_Cliente_Mes!$I$2:$I$145,Media_Cliente_Mes!$A$2:$A$145,$K$84,Media_Cliente_Mes!$B$2:$B$145,$A84),0) -> 0 | L91: =IFERROR(SUMIFS(Media_Cliente_Mes!$I$2:$I$145,Media_Cliente_Mes!$A$2:$A$145,$L$84,Media_Cliente_Mes!$B$2:$B$145,$A84),0) -> 0 | M91: =IFERROR(SUMIFS(Media_Cliente_Mes!$I$2:$I$145,Media_Cliente_Mes!$A$2:$A$145,$M$84,Media_Cliente_Mes!$B$2:$B$145,$A84),0) -> 0 | N91: =SUM(B91:M91) -> 0
A93: Nov | B93: Amaggi | C93: Brejeiro | D93: Caramuru | E93: Cargill | F93: Cofco | G93: 3Tentos | H93: Bunge | I93: ADM | J93: Aliança | K93: Olfar | L93: Novo06 | M93: Novo07 | N93: Media Pool
A94: Volume | B94: =IFERROR(SUMIFS(Media_Cliente_Mes!$C$2:$C$145,Media_Cliente_Mes!$A$2:$A$145,$B$93,Media_Cliente_Mes!$B$2:$B$145,$A93),0) -> 0 | C94: =IFERROR(SUMIFS(Media_Cliente_Mes!$C$2:$C$145,Media_Cliente_Mes!$A$2:$A$145,$C$93,Media_Cliente_Mes!$B$2:$B$145,$A93),0) -> 0 | D94: =IFERROR(SUMIFS(Media_Cliente_Mes!$C$2:$C$145,Media_Cliente_Mes!$A$2:$A$145,$D$93,Media_Cliente_Mes!$B$2:$B$145,$A93),0) -> 0 | E94: =IFERROR(SUMIFS(Media_Cliente_Mes!$C$2:$C$145,Media_Cliente_Mes!$A$2:$A$145,$E$93,Media_Cliente_Mes!$B$2:$B$145,$A93),0) -> 0 | F94: =IFERROR(SUMIFS(Media_Cliente_Mes!$C$2:$C$145,Media_Cliente_Mes!$A$2:$A$145,$F$93,Media_Cliente_Mes!$B$2:$B$145,$A93),0) -> 0 | G94: =IFERROR(SUMIFS(Media_Cliente_Mes!$C$2:$C$145,Media_Cliente_Mes!$A$2:$A$145,$G$93,Media_Cliente_Mes!$B$2:$B$145,$A93),0) -> 0 | H94: =IFERROR(SUMIFS(Media_Cliente_Mes!$C$2:$C$145,Media_Cliente_Mes!$A$2:$A$145,$H$93,Media_Cliente_Mes!$B$2:$B$145,$A93),0) -> 0 | I94: =IFERROR(SUMIFS(Media_Cliente_Mes!$C$2:$C$145,Media_Cliente_Mes!$A$2:$A$145,$I$93,Media_Cliente_Mes!$B$2:$B$145,$A93),0) -> 0 | J94: =IFERROR(SUMIFS(Media_Cliente_Mes!$C$2:$C$145,Media_Cliente_Mes!$A$2:$A$145,$J$93,Media_Cliente_Mes!$B$2:$B$145,$A93),0) -> 0 | K94: =IFERROR(SUMIFS(Media_Cliente_Mes!$C$2:$C$145,Media_Cliente_Mes!$A$2:$A$145,$K$93,Media_Cliente_Mes!$B$2:$B$145,$A93),0) -> 0 | L94: =IFERROR(SUMIFS(Media_Cliente_Mes!$C$2:$C$145,Media_Cliente_Mes!$A$2:$A$145,$L$93,Media_Cliente_Mes!$B$2:$B$145,$A93),0) -> 0 | M94: =IFERROR(SUMIFS(Media_Cliente_Mes!$C$2:$C$145,Media_Cliente_Mes!$A$2:$A$145,$M$93,Media_Cliente_Mes!$B$2:$B$145,$A93),0) -> 0 | N94: =SUM(B94:M94) -> 0
A95: Proteina Bruta (%) | B95: =IFERROR(SUMIFS(Media_Cliente_Mes!$D$2:$D$145,Media_Cliente_Mes!$A$2:$A$145,$B$93,Media_Cliente_Mes!$B$2:$B$145,$A93),0) -> 0 | C95: =IFERROR(SUMIFS(Media_Cliente_Mes!$D$2:$D$145,Media_Cliente_Mes!$A$2:$A$145,$C$93,Media_Cliente_Mes!$B$2:$B$145,$A93),0) -> 0 | D95: =IFERROR(SUMIFS(Media_Cliente_Mes!$D$2:$D$145,Media_Cliente_Mes!$A$2:$A$145,$D$93,Media_Cliente_Mes!$B$2:$B$145,$A93),0) -> 0 | E95: =IFERROR(SUMIFS(Media_Cliente_Mes!$D$2:$D$145,Media_Cliente_Mes!$A$2:$A$145,$E$93,Media_Cliente_Mes!$B$2:$B$145,$A93),0) -> 0 | F95: =IFERROR(SUMIFS(Media_Cliente_Mes!$D$2:$D$145,Media_Cliente_Mes!$A$2:$A$145,$F$93,Media_Cliente_Mes!$B$2:$B$145,$A93),0) -> 0 | G95: =IFERROR(SUMIFS(Media_Cliente_Mes!$D$2:$D$145,Media_Cliente_Mes!$A$2:$A$145,$G$93,Media_Cliente_Mes!$B$2:$B$145,$A93),0) -> 0 | H95: =IFERROR(SUMIFS(Media_Cliente_Mes!$D$2:$D$145,Media_Cliente_Mes!$A$2:$A$145,$H$93,Media_Cliente_Mes!$B$2:$B$145,$A93),0) -> 0 | I95: =IFERROR(SUMIFS(Media_Cliente_Mes!$D$2:$D$145,Media_Cliente_Mes!$A$2:$A$145,$I$93,Media_Cliente_Mes!$B$2:$B$145,$A93),0) -> 0 | J95: =IFERROR(SUMIFS(Media_Cliente_Mes!$D$2:$D$145,Media_Cliente_Mes!$A$2:$A$145,$J$93,Media_Cliente_Mes!$B$2:$B$145,$A93),0) -> 0 | K95: =IFERROR(SUMIFS(Media_Cliente_Mes!$D$2:$D$145,Media_Cliente_Mes!$A$2:$A$145,$K$93,Media_Cliente_Mes!$B$2:$B$145,$A93),0) -> 0 | L95: =IFERROR(SUMIFS(Media_Cliente_Mes!$D$2:$D$145,Media_Cliente_Mes!$A$2:$A$145,$L$93,Media_Cliente_Mes!$B$2:$B$145,$A93),0) -> 0 | M95: =IFERROR(SUMIFS(Media_Cliente_Mes!$D$2:$D$145,Media_Cliente_Mes!$A$2:$A$145,$M$93,Media_Cliente_Mes!$B$2:$B$145,$A93),0) -> 0 | N95: =IFERROR(SUMPRODUCT(B94:M94,B95:M95)/SUM(B94:M94),0) -> 0
A96: Umidade (%) | B96: =IFERROR(SUMIFS(Media_Cliente_Mes!$E$2:$E$145,Media_Cliente_Mes!$A$2:$A$145,$B$93,Media_Cliente_Mes!$B$2:$B$145,$A93),0) -> 0 | C96: =IFERROR(SUMIFS(Media_Cliente_Mes!$E$2:$E$145,Media_Cliente_Mes!$A$2:$A$145,$C$93,Media_Cliente_Mes!$B$2:$B$145,$A93),0) -> 0 | D96: =IFERROR(SUMIFS(Media_Cliente_Mes!$E$2:$E$145,Media_Cliente_Mes!$A$2:$A$145,$D$93,Media_Cliente_Mes!$B$2:$B$145,$A93),0) -> 0 | E96: =IFERROR(SUMIFS(Media_Cliente_Mes!$E$2:$E$145,Media_Cliente_Mes!$A$2:$A$145,$E$93,Media_Cliente_Mes!$B$2:$B$145,$A93),0) -> 0 | F96: =IFERROR(SUMIFS(Media_Cliente_Mes!$E$2:$E$145,Media_Cliente_Mes!$A$2:$A$145,$F$93,Media_Cliente_Mes!$B$2:$B$145,$A93),0) -> 0 | G96: =IFERROR(SUMIFS(Media_Cliente_Mes!$E$2:$E$145,Media_Cliente_Mes!$A$2:$A$145,$G$93,Media_Cliente_Mes!$B$2:$B$145,$A93),0) -> 0 | H96: =IFERROR(SUMIFS(Media_Cliente_Mes!$E$2:$E$145,Media_Cliente_Mes!$A$2:$A$145,$H$93,Media_Cliente_Mes!$B$2:$B$145,$A93),0) -> 0 | I96: =IFERROR(SUMIFS(Media_Cliente_Mes!$E$2:$E$145,Media_Cliente_Mes!$A$2:$A$145,$I$93,Media_Cliente_Mes!$B$2:$B$145,$A93),0) -> 0 | J96: =IFERROR(SUMIFS(Media_Cliente_Mes!$E$2:$E$145,Media_Cliente_Mes!$A$2:$A$145,$J$93,Media_Cliente_Mes!$B$2:$B$145,$A93),0) -> 0 | K96: =IFERROR(SUMIFS(Media_Cliente_Mes!$E$2:$E$145,Media_Cliente_Mes!$A$2:$A$145,$K$93,Media_Cliente_Mes!$B$2:$B$145,$A93),0) -> 0 | L96: =IFERROR(SUMIFS(Media_Cliente_Mes!$E$2:$E$145,Media_Cliente_Mes!$A$2:$A$145,$L$93,Media_Cliente_Mes!$B$2:$B$145,$A93),0) -> 0 | M96: =IFERROR(SUMIFS(Media_Cliente_Mes!$E$2:$E$145,Media_Cliente_Mes!$A$2:$A$145,$M$93,Media_Cliente_Mes!$B$2:$B$145,$A93),0) -> 0 | N96: =IFERROR(SUMPRODUCT(B94:M94,B96:M96)/SUM(B94:M94),0) -> 0
A97: Fibra (%) | B97: =IFERROR(SUMIFS(Media_Cliente_Mes!$F$2:$F$145,Media_Cliente_Mes!$A$2:$A$145,$B$93,Media_Cliente_Mes!$B$2:$B$145,$A93),0) -> 0 | C97: =IFERROR(SUMIFS(Media_Cliente_Mes!$F$2:$F$145,Media_Cliente_Mes!$A$2:$A$145,$C$93,Media_Cliente_Mes!$B$2:$B$145,$A93),0) -> 0 | D97: =IFERROR(SUMIFS(Media_Cliente_Mes!$F$2:$F$145,Media_Cliente_Mes!$A$2:$A$145,$D$93,Media_Cliente_Mes!$B$2:$B$145,$A93),0) -> 0 | E97: =IFERROR(SUMIFS(Media_Cliente_Mes!$F$2:$F$145,Media_Cliente_Mes!$A$2:$A$145,$E$93,Media_Cliente_Mes!$B$2:$B$145,$A93),0) -> 0 | F97: =IFERROR(SUMIFS(Media_Cliente_Mes!$F$2:$F$145,Media_Cliente_Mes!$A$2:$A$145,$F$93,Media_Cliente_Mes!$B$2:$B$145,$A93),0) -> 0 | G97: =IFERROR(SUMIFS(Media_Cliente_Mes!$F$2:$F$145,Media_Cliente_Mes!$A$2:$A$145,$G$93,Media_Cliente_Mes!$B$2:$B$145,$A93),0) -> 0 | H97: =IFERROR(SUMIFS(Media_Cliente_Mes!$F$2:$F$145,Media_Cliente_Mes!$A$2:$A$145,$H$93,Media_Cliente_Mes!$B$2:$B$145,$A93),0) -> 0 | I97: =IFERROR(SUMIFS(Media_Cliente_Mes!$F$2:$F$145,Media_Cliente_Mes!$A$2:$A$145,$I$93,Media_Cliente_Mes!$B$2:$B$145,$A93),0) -> 0 | J97: =IFERROR(SUMIFS(Media_Cliente_Mes!$F$2:$F$145,Media_Cliente_Mes!$A$2:$A$145,$J$93,Media_Cliente_Mes!$B$2:$B$145,$A93),0) -> 0 | K97: =IFERROR(SUMIFS(Media_Cliente_Mes!$F$2:$F$145,Media_Cliente_Mes!$A$2:$A$145,$K$93,Media_Cliente_Mes!$B$2:$B$145,$A93),0) -> 0 | L97: =IFERROR(SUMIFS(Media_Cliente_Mes!$F$2:$F$145,Media_Cliente_Mes!$A$2:$A$145,$L$93,Media_Cliente_Mes!$B$2:$B$145,$A93),0) -> 0 | M97: =IFERROR(SUMIFS(Media_Cliente_Mes!$F$2:$F$145,Media_Cliente_Mes!$A$2:$A$145,$M$93,Media_Cliente_Mes!$B$2:$B$145,$A93),0) -> 0 | N97: =IFERROR(SUMPRODUCT(B94:M94,B97:M97)/SUM(B94:M94),0) -> 0
A98: Oleo (%) | B98: =IFERROR(SUMIFS(Media_Cliente_Mes!$G$2:$G$145,Media_Cliente_Mes!$A$2:$A$145,$B$93,Media_Cliente_Mes!$B$2:$B$145,$A93),0) -> 0 | C98: =IFERROR(SUMIFS(Media_Cliente_Mes!$G$2:$G$145,Media_Cliente_Mes!$A$2:$A$145,$C$93,Media_Cliente_Mes!$B$2:$B$145,$A93),0) -> 0 | D98: =IFERROR(SUMIFS(Media_Cliente_Mes!$G$2:$G$145,Media_Cliente_Mes!$A$2:$A$145,$D$93,Media_Cliente_Mes!$B$2:$B$145,$A93),0) -> 0 | E98: =IFERROR(SUMIFS(Media_Cliente_Mes!$G$2:$G$145,Media_Cliente_Mes!$A$2:$A$145,$E$93,Media_Cliente_Mes!$B$2:$B$145,$A93),0) -> 0 | F98: =IFERROR(SUMIFS(Media_Cliente_Mes!$G$2:$G$145,Media_Cliente_Mes!$A$2:$A$145,$F$93,Media_Cliente_Mes!$B$2:$B$145,$A93),0) -> 0 | G98: =IFERROR(SUMIFS(Media_Cliente_Mes!$G$2:$G$145,Media_Cliente_Mes!$A$2:$A$145,$G$93,Media_Cliente_Mes!$B$2:$B$145,$A93),0) -> 0 | H98: =IFERROR(SUMIFS(Media_Cliente_Mes!$G$2:$G$145,Media_Cliente_Mes!$A$2:$A$145,$H$93,Media_Cliente_Mes!$B$2:$B$145,$A93),0) -> 0 | I98: =IFERROR(SUMIFS(Media_Cliente_Mes!$G$2:$G$145,Media_Cliente_Mes!$A$2:$A$145,$I$93,Media_Cliente_Mes!$B$2:$B$145,$A93),0) -> 0 | J98: =IFERROR(SUMIFS(Media_Cliente_Mes!$G$2:$G$145,Media_Cliente_Mes!$A$2:$A$145,$J$93,Media_Cliente_Mes!$B$2:$B$145,$A93),0) -> 0 | K98: =IFERROR(SUMIFS(Media_Cliente_Mes!$G$2:$G$145,Media_Cliente_Mes!$A$2:$A$145,$K$93,Media_Cliente_Mes!$B$2:$B$145,$A93),0) -> 0 | L98: =IFERROR(SUMIFS(Media_Cliente_Mes!$G$2:$G$145,Media_Cliente_Mes!$A$2:$A$145,$L$93,Media_Cliente_Mes!$B$2:$B$145,$A93),0) -> 0 | M98: =IFERROR(SUMIFS(Media_Cliente_Mes!$G$2:$G$145,Media_Cliente_Mes!$A$2:$A$145,$M$93,Media_Cliente_Mes!$B$2:$B$145,$A93),0) -> 0 | N98: =IFERROR(SUMPRODUCT(B94:M94,B98:M98)/SUM(B94:M94),0) -> 0
A99: Vol. Rodo (t) | B99: =IFERROR(SUMIFS(Media_Cliente_Mes!$H$2:$H$145,Media_Cliente_Mes!$A$2:$A$145,$B$93,Media_Cliente_Mes!$B$2:$B$145,$A93),0) -> 0 | C99: =IFERROR(SUMIFS(Media_Cliente_Mes!$H$2:$H$145,Media_Cliente_Mes!$A$2:$A$145,$C$93,Media_Cliente_Mes!$B$2:$B$145,$A93),0) -> 0 | D99: =IFERROR(SUMIFS(Media_Cliente_Mes!$H$2:$H$145,Media_Cliente_Mes!$A$2:$A$145,$D$93,Media_Cliente_Mes!$B$2:$B$145,$A93),0) -> 0 | E99: =IFERROR(SUMIFS(Media_Cliente_Mes!$H$2:$H$145,Media_Cliente_Mes!$A$2:$A$145,$E$93,Media_Cliente_Mes!$B$2:$B$145,$A93),0) -> 0 | F99: =IFERROR(SUMIFS(Media_Cliente_Mes!$H$2:$H$145,Media_Cliente_Mes!$A$2:$A$145,$F$93,Media_Cliente_Mes!$B$2:$B$145,$A93),0) -> 0 | G99: =IFERROR(SUMIFS(Media_Cliente_Mes!$H$2:$H$145,Media_Cliente_Mes!$A$2:$A$145,$G$93,Media_Cliente_Mes!$B$2:$B$145,$A93),0) -> 0 | H99: =IFERROR(SUMIFS(Media_Cliente_Mes!$H$2:$H$145,Media_Cliente_Mes!$A$2:$A$145,$H$93,Media_Cliente_Mes!$B$2:$B$145,$A93),0) -> 0 | I99: =IFERROR(SUMIFS(Media_Cliente_Mes!$H$2:$H$145,Media_Cliente_Mes!$A$2:$A$145,$I$93,Media_Cliente_Mes!$B$2:$B$145,$A93),0) -> 0 | J99: =IFERROR(SUMIFS(Media_Cliente_Mes!$H$2:$H$145,Media_Cliente_Mes!$A$2:$A$145,$J$93,Media_Cliente_Mes!$B$2:$B$145,$A93),0) -> 0 | K99: =IFERROR(SUMIFS(Media_Cliente_Mes!$H$2:$H$145,Media_Cliente_Mes!$A$2:$A$145,$K$93,Media_Cliente_Mes!$B$2:$B$145,$A93),0) -> 0 | L99: =IFERROR(SUMIFS(Media_Cliente_Mes!$H$2:$H$145,Media_Cliente_Mes!$A$2:$A$145,$L$93,Media_Cliente_Mes!$B$2:$B$145,$A93),0) -> 0 | M99: =IFERROR(SUMIFS(Media_Cliente_Mes!$H$2:$H$145,Media_Cliente_Mes!$A$2:$A$145,$M$93,Media_Cliente_Mes!$B$2:$B$145,$A93),0) -> 0 | N99: =SUM(B99:M99) -> 0
A100: Vol. Ferro (t) | B100: =IFERROR(SUMIFS(Media_Cliente_Mes!$I$2:$I$145,Media_Cliente_Mes!$A$2:$A$145,$B$93,Media_Cliente_Mes!$B$2:$B$145,$A93),0) -> 0 | C100: =IFERROR(SUMIFS(Media_Cliente_Mes!$I$2:$I$145,Media_Cliente_Mes!$A$2:$A$145,$C$93,Media_Cliente_Mes!$B$2:$B$145,$A93),0) -> 0 | D100: =IFERROR(SUMIFS(Media_Cliente_Mes!$I$2:$I$145,Media_Cliente_Mes!$A$2:$A$145,$D$93,Media_Cliente_Mes!$B$2:$B$145,$A93),0) -> 0 | E100: =IFERROR(SUMIFS(Media_Cliente_Mes!$I$2:$I$145,Media_Cliente_Mes!$A$2:$A$145,$E$93,Media_Cliente_Mes!$B$2:$B$145,$A93),0) -> 0 | F100: =IFERROR(SUMIFS(Media_Cliente_Mes!$I$2:$I$145,Media_Cliente_Mes!$A$2:$A$145,$F$93,Media_Cliente_Mes!$B$2:$B$145,$A93),0) -> 0 | G100: =IFERROR(SUMIFS(Media_Cliente_Mes!$I$2:$I$145,Media_Cliente_Mes!$A$2:$A$145,$G$93,Media_Cliente_Mes!$B$2:$B$145,$A93),0) -> 0 | H100: =IFERROR(SUMIFS(Media_Cliente_Mes!$I$2:$I$145,Media_Cliente_Mes!$A$2:$A$145,$H$93,Media_Cliente_Mes!$B$2:$B$145,$A93),0) -> 0 | I100: =IFERROR(SUMIFS(Media_Cliente_Mes!$I$2:$I$145,Media_Cliente_Mes!$A$2:$A$145,$I$93,Media_Cliente_Mes!$B$2:$B$145,$A93),0) -> 0 | J100: =IFERROR(SUMIFS(Media_Cliente_Mes!$I$2:$I$145,Media_Cliente_Mes!$A$2:$A$145,$J$93,Media_Cliente_Mes!$B$2:$B$145,$A93),0) -> 0 | K100: =IFERROR(SUMIFS(Media_Cliente_Mes!$I$2:$I$145,Media_Cliente_Mes!$A$2:$A$145,$K$93,Media_Cliente_Mes!$B$2:$B$145,$A93),0) -> 0 | L100: =IFERROR(SUMIFS(Media_Cliente_Mes!$I$2:$I$145,Media_Cliente_Mes!$A$2:$A$145,$L$93,Media_Cliente_Mes!$B$2:$B$145,$A93),0) -> 0 | M100: =IFERROR(SUMIFS(Media_Cliente_Mes!$I$2:$I$145,Media_Cliente_Mes!$A$2:$A$145,$M$93,Media_Cliente_Mes!$B$2:$B$145,$A93),0) -> 0 | N100: =SUM(B100:M100) -> 0
A102: Dez | B102: Amaggi | C102: Brejeiro | D102: Caramuru | E102: Cargill | F102: Cofco | G102: 3Tentos | H102: Bunge | I102: ADM | J102: Aliança | K102: Olfar | L102: Novo06 | M102: Novo07 | N102: Media Pool
A103: Volume | B103: =IFERROR(SUMIFS(Media_Cliente_Mes!$C$2:$C$145,Media_Cliente_Mes!$A$2:$A$145,$B$102,Media_Cliente_Mes!$B$2:$B$145,$A102),0) -> 0 | C103: =IFERROR(SUMIFS(Media_Cliente_Mes!$C$2:$C$145,Media_Cliente_Mes!$A$2:$A$145,$C$102,Media_Cliente_Mes!$B$2:$B$145,$A102),0) -> 0 | D103: =IFERROR(SUMIFS(Media_Cliente_Mes!$C$2:$C$145,Media_Cliente_Mes!$A$2:$A$145,$D$102,Media_Cliente_Mes!$B$2:$B$145,$A102),0) -> 0 | E103: =IFERROR(SUMIFS(Media_Cliente_Mes!$C$2:$C$145,Media_Cliente_Mes!$A$2:$A$145,$E$102,Media_Cliente_Mes!$B$2:$B$145,$A102),0) -> 0 | F103: =IFERROR(SUMIFS(Media_Cliente_Mes!$C$2:$C$145,Media_Cliente_Mes!$A$2:$A$145,$F$102,Media_Cliente_Mes!$B$2:$B$145,$A102),0) -> 0 | G103: =IFERROR(SUMIFS(Media_Cliente_Mes!$C$2:$C$145,Media_Cliente_Mes!$A$2:$A$145,$G$102,Media_Cliente_Mes!$B$2:$B$145,$A102),0) -> 0 | H103: =IFERROR(SUMIFS(Media_Cliente_Mes!$C$2:$C$145,Media_Cliente_Mes!$A$2:$A$145,$H$102,Media_Cliente_Mes!$B$2:$B$145,$A102),0) -> 0 | I103: =IFERROR(SUMIFS(Media_Cliente_Mes!$C$2:$C$145,Media_Cliente_Mes!$A$2:$A$145,$I$102,Media_Cliente_Mes!$B$2:$B$145,$A102),0) -> 0 | J103: =IFERROR(SUMIFS(Media_Cliente_Mes!$C$2:$C$145,Media_Cliente_Mes!$A$2:$A$145,$J$102,Media_Cliente_Mes!$B$2:$B$145,$A102),0) -> 0 | K103: =IFERROR(SUMIFS(Media_Cliente_Mes!$C$2:$C$145,Media_Cliente_Mes!$A$2:$A$145,$K$102,Media_Cliente_Mes!$B$2:$B$145,$A102),0) -> 0 | L103: =IFERROR(SUMIFS(Media_Cliente_Mes!$C$2:$C$145,Media_Cliente_Mes!$A$2:$A$145,$L$102,Media_Cliente_Mes!$B$2:$B$145,$A102),0) -> 0 | M103: =IFERROR(SUMIFS(Media_Cliente_Mes!$C$2:$C$145,Media_Cliente_Mes!$A$2:$A$145,$M$102,Media_Cliente_Mes!$B$2:$B$145,$A102),0) -> 0 | N103: =SUM(B103:M103) -> 0
A104: Proteina Bruta (%) | B104: =IFERROR(SUMIFS(Media_Cliente_Mes!$D$2:$D$145,Media_Cliente_Mes!$A$2:$A$145,$B$102,Media_Cliente_Mes!$B$2:$B$145,$A102),0) -> 0 | C104: =IFERROR(SUMIFS(Media_Cliente_Mes!$D$2:$D$145,Media_Cliente_Mes!$A$2:$A$145,$C$102,Media_Cliente_Mes!$B$2:$B$145,$A102),0) -> 0 | D104: =IFERROR(SUMIFS(Media_Cliente_Mes!$D$2:$D$145,Media_Cliente_Mes!$A$2:$A$145,$D$102,Media_Cliente_Mes!$B$2:$B$145,$A102),0) -> 0 | E104: =IFERROR(SUMIFS(Media_Cliente_Mes!$D$2:$D$145,Media_Cliente_Mes!$A$2:$A$145,$E$102,Media_Cliente_Mes!$B$2:$B$145,$A102),0) -> 0 | F104: =IFERROR(SUMIFS(Media_Cliente_Mes!$D$2:$D$145,Media_Cliente_Mes!$A$2:$A$145,$F$102,Media_Cliente_Mes!$B$2:$B$145,$A102),0) -> 0 | G104: =IFERROR(SUMIFS(Media_Cliente_Mes!$D$2:$D$145,Media_Cliente_Mes!$A$2:$A$145,$G$102,Media_Cliente_Mes!$B$2:$B$145,$A102),0) -> 0 | H104: =IFERROR(SUMIFS(Media_Cliente_Mes!$D$2:$D$145,Media_Cliente_Mes!$A$2:$A$145,$H$102,Media_Cliente_Mes!$B$2:$B$145,$A102),0) -> 0 | I104: =IFERROR(SUMIFS(Media_Cliente_Mes!$D$2:$D$145,Media_Cliente_Mes!$A$2:$A$145,$I$102,Media_Cliente_Mes!$B$2:$B$145,$A102),0) -> 0 | J104: =IFERROR(SUMIFS(Media_Cliente_Mes!$D$2:$D$145,Media_Cliente_Mes!$A$2:$A$145,$J$102,Media_Cliente_Mes!$B$2:$B$145,$A102),0) -> 0 | K104: =IFERROR(SUMIFS(Media_Cliente_Mes!$D$2:$D$145,Media_Cliente_Mes!$A$2:$A$145,$K$102,Media_Cliente_Mes!$B$2:$B$145,$A102),0) -> 0 | L104: =IFERROR(SUMIFS(Media_Cliente_Mes!$D$2:$D$145,Media_Cliente_Mes!$A$2:$A$145,$L$102,Media_Cliente_Mes!$B$2:$B$145,$A102),0) -> 0 | M104: =IFERROR(SUMIFS(Media_Cliente_Mes!$D$2:$D$145,Media_Cliente_Mes!$A$2:$A$145,$M$102,Media_Cliente_Mes!$B$2:$B$145,$A102),0) -> 0 | N104: =IFERROR(SUMPRODUCT(B103:M103,B104:M104)/SUM(B103:M103),0) -> 0
A105: Umidade (%) | B105: =IFERROR(SUMIFS(Media_Cliente_Mes!$E$2:$E$145,Media_Cliente_Mes!$A$2:$A$145,$B$102,Media_Cliente_Mes!$B$2:$B$145,$A102),0) -> 0 | C105: =IFERROR(SUMIFS(Media_Cliente_Mes!$E$2:$E$145,Media_Cliente_Mes!$A$2:$A$145,$C$102,Media_Cliente_Mes!$B$2:$B$145,$A102),0) -> 0 | D105: =IFERROR(SUMIFS(Media_Cliente_Mes!$E$2:$E$145,Media_Cliente_Mes!$A$2:$A$145,$D$102,Media_Cliente_Mes!$B$2:$B$145,$A102),0) -> 0 | E105: =IFERROR(SUMIFS(Media_Cliente_Mes!$E$2:$E$145,Media_Cliente_Mes!$A$2:$A$145,$E$102,Media_Cliente_Mes!$B$2:$B$145,$A102),0) -> 0 | F105: =IFERROR(SUMIFS(Media_Cliente_Mes!$E$2:$E$145,Media_Cliente_Mes!$A$2:$A$145,$F$102,Media_Cliente_Mes!$B$2:$B$145,$A102),0) -> 0 | G105: =IFERROR(SUMIFS(Media_Cliente_Mes!$E$2:$E$145,Media_Cliente_Mes!$A$2:$A$145,$G$102,Media_Cliente_Mes!$B$2:$B$145,$A102),0) -> 0 | H105: =IFERROR(SUMIFS(Media_Cliente_Mes!$E$2:$E$145,Media_Cliente_Mes!$A$2:$A$145,$H$102,Media_Cliente_Mes!$B$2:$B$145,$A102),0) -> 0 | I105: =IFERROR(SUMIFS(Media_Cliente_Mes!$E$2:$E$145,Media_Cliente_Mes!$A$2:$A$145,$I$102,Media_Cliente_Mes!$B$2:$B$145,$A102),0) -> 0 | J105: =IFERROR(SUMIFS(Media_Cliente_Mes!$E$2:$E$145,Media_Cliente_Mes!$A$2:$A$145,$J$102,Media_Cliente_Mes!$B$2:$B$145,$A102),0) -> 0 | K105: =IFERROR(SUMIFS(Media_Cliente_Mes!$E$2:$E$145,Media_Cliente_Mes!$A$2:$A$145,$K$102,Media_Cliente_Mes!$B$2:$B$145,$A102),0) -> 0 | L105: =IFERROR(SUMIFS(Media_Cliente_Mes!$E$2:$E$145,Media_Cliente_Mes!$A$2:$A$145,$L$102,Media_Cliente_Mes!$B$2:$B$145,$A102),0) -> 0 | M105: =IFERROR(SUMIFS(Media_Cliente_Mes!$E$2:$E$145,Media_Cliente_Mes!$A$2:$A$145,$M$102,Media_Cliente_Mes!$B$2:$B$145,$A102),0) -> 0 | N105: =IFERROR(SUMPRODUCT(B103:M103,B105:M105)/SUM(B103:M103),0) -> 0
A106: Fibra (%) | B106: =IFERROR(SUMIFS(Media_Cliente_Mes!$F$2:$F$145,Media_Cliente_Mes!$A$2:$A$145,$B$102,Media_Cliente_Mes!$B$2:$B$145,$A102),0) -> 0 | C106: =IFERROR(SUMIFS(Media_Cliente_Mes!$F$2:$F$145,Media_Cliente_Mes!$A$2:$A$145,$C$102,Media_Cliente_Mes!$B$2:$B$145,$A102),0) -> 0 | D106: =IFERROR(SUMIFS(Media_Cliente_Mes!$F$2:$F$145,Media_Cliente_Mes!$A$2:$A$145,$D$102,Media_Cliente_Mes!$B$2:$B$145,$A102),0) -> 0 | E106: =IFERROR(SUMIFS(Media_Cliente_Mes!$F$2:$F$145,Media_Cliente_Mes!$A$2:$A$145,$E$102,Media_Cliente_Mes!$B$2:$B$145,$A102),0) -> 0 | F106: =IFERROR(SUMIFS(Media_Cliente_Mes!$F$2:$F$145,Media_Cliente_Mes!$A$2:$A$145,$F$102,Media_Cliente_Mes!$B$2:$B$145,$A102),0) -> 0 | G106: =IFERROR(SUMIFS(Media_Cliente_Mes!$F$2:$F$145,Media_Cliente_Mes!$A$2:$A$145,$G$102,Media_Cliente_Mes!$B$2:$B$145,$A102),0) -> 0 | H106: =IFERROR(SUMIFS(Media_Cliente_Mes!$F$2:$F$145,Media_Cliente_Mes!$A$2:$A$145,$H$102,Media_Cliente_Mes!$B$2:$B$145,$A102),0) -> 0 | I106: =IFERROR(SUMIFS(Media_Cliente_Mes!$F$2:$F$145,Media_Cliente_Mes!$A$2:$A$145,$I$102,Media_Cliente_Mes!$B$2:$B$145,$A102),0) -> 0 | J106: =IFERROR(SUMIFS(Media_Cliente_Mes!$F$2:$F$145,Media_Cliente_Mes!$A$2:$A$145,$J$102,Media_Cliente_Mes!$B$2:$B$145,$A102),0) -> 0 | K106: =IFERROR(SUMIFS(Media_Cliente_Mes!$F$2:$F$145,Media_Cliente_Mes!$A$2:$A$145,$K$102,Media_Cliente_Mes!$B$2:$B$145,$A102),0) -> 0 | L106: =IFERROR(SUMIFS(Media_Cliente_Mes!$F$2:$F$145,Media_Cliente_Mes!$A$2:$A$145,$L$102,Media_Cliente_Mes!$B$2:$B$145,$A102),0) -> 0 | M106: =IFERROR(SUMIFS(Media_Cliente_Mes!$F$2:$F$145,Media_Cliente_Mes!$A$2:$A$145,$M$102,Media_Cliente_Mes!$B$2:$B$145,$A102),0) -> 0 | N106: =IFERROR(SUMPRODUCT(B103:M103,B106:M106)/SUM(B103:M103),0) -> 0
A107: Oleo (%) | B107: =IFERROR(SUMIFS(Media_Cliente_Mes!$G$2:$G$145,Media_Cliente_Mes!$A$2:$A$145,$B$102,Media_Cliente_Mes!$B$2:$B$145,$A102),0) -> 0 | C107: =IFERROR(SUMIFS(Media_Cliente_Mes!$G$2:$G$145,Media_Cliente_Mes!$A$2:$A$145,$C$102,Media_Cliente_Mes!$B$2:$B$145,$A102),0) -> 0 | D107: =IFERROR(SUMIFS(Media_Cliente_Mes!$G$2:$G$145,Media_Cliente_Mes!$A$2:$A$145,$D$102,Media_Cliente_Mes!$B$2:$B$145,$A102),0) -> 0 | E107: =IFERROR(SUMIFS(Media_Cliente_Mes!$G$2:$G$145,Media_Cliente_Mes!$A$2:$A$145,$E$102,Media_Cliente_Mes!$B$2:$B$145,$A102),0) -> 0 | F107: =IFERROR(SUMIFS(Media_Cliente_Mes!$G$2:$G$145,Media_Cliente_Mes!$A$2:$A$145,$F$102,Media_Cliente_Mes!$B$2:$B$145,$A102),0) -> 0 | G107: =IFERROR(SUMIFS(Media_Cliente_Mes!$G$2:$G$145,Media_Cliente_Mes!$A$2:$A$145,$G$102,Media_Cliente_Mes!$B$2:$B$145,$A102),0) -> 0 | H107: =IFERROR(SUMIFS(Media_Cliente_Mes!$G$2:$G$145,Media_Cliente_Mes!$A$2:$A$145,$H$102,Media_Cliente_Mes!$B$2:$B$145,$A102),0) -> 0 | I107: =IFERROR(SUMIFS(Media_Cliente_Mes!$G$2:$G$145,Media_Cliente_Mes!$A$2:$A$145,$I$102,Media_Cliente_Mes!$B$2:$B$145,$A102),0) -> 0 | J107: =IFERROR(SUMIFS(Media_Cliente_Mes!$G$2:$G$145,Media_Cliente_Mes!$A$2:$A$145,$J$102,Media_Cliente_Mes!$B$2:$B$145,$A102),0) -> 0 | K107: =IFERROR(SUMIFS(Media_Cliente_Mes!$G$2:$G$145,Media_Cliente_Mes!$A$2:$A$145,$K$102,Media_Cliente_Mes!$B$2:$B$145,$A102),0) -> 0 | L107: =IFERROR(SUMIFS(Media_Cliente_Mes!$G$2:$G$145,Media_Cliente_Mes!$A$2:$A$145,$L$102,Media_Cliente_Mes!$B$2:$B$145,$A102),0) -> 0 | M107: =IFERROR(SUMIFS(Media_Cliente_Mes!$G$2:$G$145,Media_Cliente_Mes!$A$2:$A$145,$M$102,Media_Cliente_Mes!$B$2:$B$145,$A102),0) -> 0 | N107: =IFERROR(SUMPRODUCT(B103:M103,B107:M107)/SUM(B103:M103),0) -> 0
A108: Vol. Rodo (t) | B108: =IFERROR(SUMIFS(Media_Cliente_Mes!$H$2:$H$145,Media_Cliente_Mes!$A$2:$A$145,$B$102,Media_Cliente_Mes!$B$2:$B$145,$A102),0) -> 0 | C108: =IFERROR(SUMIFS(Media_Cliente_Mes!$H$2:$H$145,Media_Cliente_Mes!$A$2:$A$145,$C$102,Media_Cliente_Mes!$B$2:$B$145,$A102),0) -> 0 | D108: =IFERROR(SUMIFS(Media_Cliente_Mes!$H$2:$H$145,Media_Cliente_Mes!$A$2:$A$145,$D$102,Media_Cliente_Mes!$B$2:$B$145,$A102),0) -> 0 | E108: =IFERROR(SUMIFS(Media_Cliente_Mes!$H$2:$H$145,Media_Cliente_Mes!$A$2:$A$145,$E$102,Media_Cliente_Mes!$B$2:$B$145,$A102),0) -> 0 | F108: =IFERROR(SUMIFS(Media_Cliente_Mes!$H$2:$H$145,Media_Cliente_Mes!$A$2:$A$145,$F$102,Media_Cliente_Mes!$B$2:$B$145,$A102),0) -> 0 | G108: =IFERROR(SUMIFS(Media_Cliente_Mes!$H$2:$H$145,Media_Cliente_Mes!$A$2:$A$145,$G$102,Media_Cliente_Mes!$B$2:$B$145,$A102),0) -> 0 | H108: =IFERROR(SUMIFS(Media_Cliente_Mes!$H$2:$H$145,Media_Cliente_Mes!$A$2:$A$145,$H$102,Media_Cliente_Mes!$B$2:$B$145,$A102),0) -> 0 | I108: =IFERROR(SUMIFS(Media_Cliente_Mes!$H$2:$H$145,Media_Cliente_Mes!$A$2:$A$145,$I$102,Media_Cliente_Mes!$B$2:$B$145,$A102),0) -> 0 | J108: =IFERROR(SUMIFS(Media_Cliente_Mes!$H$2:$H$145,Media_Cliente_Mes!$A$2:$A$145,$J$102,Media_Cliente_Mes!$B$2:$B$145,$A102),0) -> 0 | K108: =IFERROR(SUMIFS(Media_Cliente_Mes!$H$2:$H$145,Media_Cliente_Mes!$A$2:$A$145,$K$102,Media_Cliente_Mes!$B$2:$B$145,$A102),0) -> 0 | L108: =IFERROR(SUMIFS(Media_Cliente_Mes!$H$2:$H$145,Media_Cliente_Mes!$A$2:$A$145,$L$102,Media_Cliente_Mes!$B$2:$B$145,$A102),0) -> 0 | M108: =IFERROR(SUMIFS(Media_Cliente_Mes!$H$2:$H$145,Media_Cliente_Mes!$A$2:$A$145,$M$102,Media_Cliente_Mes!$B$2:$B$145,$A102),0) -> 0 | N108: =SUM(B108:M108) -> 0
A109: Vol. Ferro (t) | B109: =IFERROR(SUMIFS(Media_Cliente_Mes!$I$2:$I$145,Media_Cliente_Mes!$A$2:$A$145,$B$102,Media_Cliente_Mes!$B$2:$B$145,$A102),0) -> 0 | C109: =IFERROR(SUMIFS(Media_Cliente_Mes!$I$2:$I$145,Media_Cliente_Mes!$A$2:$A$145,$C$102,Media_Cliente_Mes!$B$2:$B$145,$A102),0) -> 0 | D109: =IFERROR(SUMIFS(Media_Cliente_Mes!$I$2:$I$145,Media_Cliente_Mes!$A$2:$A$145,$D$102,Media_Cliente_Mes!$B$2:$B$145,$A102),0) -> 0 | E109: =IFERROR(SUMIFS(Media_Cliente_Mes!$I$2:$I$145,Media_Cliente_Mes!$A$2:$A$145,$E$102,Media_Cliente_Mes!$B$2:$B$145,$A102),0) -> 0 | F109: =IFERROR(SUMIFS(Media_Cliente_Mes!$I$2:$I$145,Media_Cliente_Mes!$A$2:$A$145,$F$102,Media_Cliente_Mes!$B$2:$B$145,$A102),0) -> 0 | G109: =IFERROR(SUMIFS(Media_Cliente_Mes!$I$2:$I$145,Media_Cliente_Mes!$A$2:$A$145,$G$102,Media_Cliente_Mes!$B$2:$B$145,$A102),0) -> 0 | H109: =IFERROR(SUMIFS(Media_Cliente_Mes!$I$2:$I$145,Media_Cliente_Mes!$A$2:$A$145,$H$102,Media_Cliente_Mes!$B$2:$B$145,$A102),0) -> 0 | I109: =IFERROR(SUMIFS(Media_Cliente_Mes!$I$2:$I$145,Media_Cliente_Mes!$A$2:$A$145,$I$102,Media_Cliente_Mes!$B$2:$B$145,$A102),0) -> 0 | J109: =IFERROR(SUMIFS(Media_Cliente_Mes!$I$2:$I$145,Media_Cliente_Mes!$A$2:$A$145,$J$102,Media_Cliente_Mes!$B$2:$B$145,$A102),0) -> 0 | K109: =IFERROR(SUMIFS(Media_Cliente_Mes!$I$2:$I$145,Media_Cliente_Mes!$A$2:$A$145,$K$102,Media_Cliente_Mes!$B$2:$B$145,$A102),0) -> 0 | L109: =IFERROR(SUMIFS(Media_Cliente_Mes!$I$2:$I$145,Media_Cliente_Mes!$A$2:$A$145,$L$102,Media_Cliente_Mes!$B$2:$B$145,$A102),0) -> 0 | M109: =IFERROR(SUMIFS(Media_Cliente_Mes!$I$2:$I$145,Media_Cliente_Mes!$A$2:$A$145,$M$102,Media_Cliente_Mes!$B$2:$B$145,$A102),0) -> 0 | N109: =SUM(B109:M109) -> 0

Sheet PROTEINA
A1: PROTEINA — TABELA DE REGRAMENTO POOL T39 (ver Parametros_ANEC73 para editar)
A3: Padrao ANEC73 (%) | B3: =Parametros_ANEC73!C4 -> 48
A4: Faixa 2 a partir de (%) | B4: =Parametros_ANEC73!G4 -> 47
A5: Faixa 3 a partir de (%) | B5: =Parametros_ANEC73!J4 -> 0
A7: Jan | B7: Amaggi | C7: Brejeiro | D7: Caramuru | E7: Cargill | F7: Cofco | G7: 3Tentos | H7: Bunge | I7: ADM | J7: Aliança | K7: Olfar | L7: Novo06 | M7: Novo07 | N7: Media Pool
A8: Resultado (%) | B8: =IF((SUMIFS(Desconto_Cliente_Mes!$D$2:$D$433,Desconto_Cliente_Mes!$A$2:$A$433,B$7,Desconto_Cliente_Mes!$B$2:$B$433,$A7,Desconto_Cliente_Mes!$C$2:$C$433,"Proteina"))=0,"",IFERROR(SUMIFS(Desconto_Cliente_Mes!$E$2:$E$433,Desconto_Cliente_Mes!$A$2:$A$433,B$7,Desconto_Cliente_Mes!$B$2:$B$433,$A7,Desconto_Cliente_Mes!$C$2:$C$433,"Proteina"),"")) | C8: =IF((SUMIFS(Desconto_Cliente_Mes!$D$2:$D$433,Desconto_Cliente_Mes!$A$2:$A$433,C$7,Desconto_Cliente_Mes!$B$2:$B$433,$A7,Desconto_Cliente_Mes!$C$2:$C$433,"Proteina"))=0,"",IFERROR(SUMIFS(Desconto_Cliente_Mes!$E$2:$E$433,Desconto_Cliente_Mes!$A$2:$A$433,C$7,Desconto_Cliente_Mes!$B$2:$B$433,$A7,Desconto_Cliente_Mes!$C$2:$C$433,"Proteina"),"")) -> 48.328751 | D8: =IF((SUMIFS(Desconto_Cliente_Mes!$D$2:$D$433,Desconto_Cliente_Mes!$A$2:$A$433,D$7,Desconto_Cliente_Mes!$B$2:$B$433,$A7,Desconto_Cliente_Mes!$C$2:$C$433,"Proteina"))=0,"",IFERROR(SUMIFS(Desconto_Cliente_Mes!$E$2:$E$433,Desconto_Cliente_Mes!$A$2:$A$433,D$7,Desconto_Cliente_Mes!$B$2:$B$433,$A7,Desconto_Cliente_Mes!$C$2:$C$433,"Proteina"),"")) -> 47.985938 | E8: =IF((SUMIFS(Desconto_Cliente_Mes!$D$2:$D$433,Desconto_Cliente_Mes!$A$2:$A$433,E$7,Desconto_Cliente_Mes!$B$2:$B$433,$A7,Desconto_Cliente_Mes!$C$2:$C$433,"Proteina"))=0,"",IFERROR(SUMIFS(Desconto_Cliente_Mes!$E$2:$E$433,Desconto_Cliente_Mes!$A$2:$A$433,E$7,Desconto_Cliente_Mes!$B$2:$B$433,$A7,Desconto_Cliente_Mes!$C$2:$C$433,"Proteina"),"")) -> 47.805872 | F8: =IF((SUMIFS(Desconto_Cliente_Mes!$D$2:$D$433,Desconto_Cliente_Mes!$A$2:$A$433,F$7,Desconto_Cliente_Mes!$B$2:$B$433,$A7,Desconto_Cliente_Mes!$C$2:$C$433,"Proteina"))=0,"",IFERROR(SUMIFS(Desconto_Cliente_Mes!$E$2:$E$433,Desconto_Cliente_Mes!$A$2:$A$433,F$7,Desconto_Cliente_Mes!$B$2:$B$433,$A7,Desconto_Cliente_Mes!$C$2:$C$433,"Proteina"),"")) -> 47.760801 | G8: =IF((SUMIFS(Desconto_Cliente_Mes!$D$2:$D$433,Desconto_Cliente_Mes!$A$2:$A$433,G$7,Desconto_Cliente_Mes!$B$2:$B$433,$A7,Desconto_Cliente_Mes!$C$2:$C$433,"Proteina"))=0,"",IFERROR(SUMIFS(Desconto_Cliente_Mes!$E$2:$E$433,Desconto_Cliente_Mes!$A$2:$A$433,G$7,Desconto_Cliente_Mes!$B$2:$B$433,$A7,Desconto_Cliente_Mes!$C$2:$C$433,"Proteina"),"")) -> 47.568335 | H8: =IF((SUMIFS(Desconto_Cliente_Mes!$D$2:$D$433,Desconto_Cliente_Mes!$A$2:$A$433,H$7,Desconto_Cliente_Mes!$B$2:$B$433,$A7,Desconto_Cliente_Mes!$C$2:$C$433,"Proteina"))=0,"",IFERROR(SUMIFS(Desconto_Cliente_Mes!$E$2:$E$433,Desconto_Cliente_Mes!$A$2:$A$433,H$7,Desconto_Cliente_Mes!$B$2:$B$433,$A7,Desconto_Cliente_Mes!$C$2:$C$433,"Proteina"),"")) -> 47.701003 | I8: =IF((SUMIFS(Desconto_Cliente_Mes!$D$2:$D$433,Desconto_Cliente_Mes!$A$2:$A$433,I$7,Desconto_Cliente_Mes!$B$2:$B$433,$A7,Desconto_Cliente_Mes!$C$2:$C$433,"Proteina"))=0,"",IFERROR(SUMIFS(Desconto_Cliente_Mes!$E$2:$E$433,Desconto_Cliente_Mes!$A$2:$A$433,I$7,Desconto_Cliente_Mes!$B$2:$B$433,$A7,Desconto_Cliente_Mes!$C$2:$C$433,"Proteina"),"")) | ... M8: =IF((SUMIFS(Desconto_Cliente_Mes!$D$2:$D$433,Desconto_Cliente_Mes!$A$2:$A$433,M$7,Desconto_Cliente_Mes!$B$2:$B$433,$A7,Desconto_Cliente_Mes!$C$2:$C$433,"Proteina"))=0,"",IFERROR(SUMIFS(Desconto_Cliente_Mes!$E$2:$E$433,Desconto_Cliente_Mes!$A$2:$A$433,M$7,Desconto_Cliente_Mes!$B$2:$B$433,$A7,Desconto_Cliente_Mes!$C$2:$C$433,"Proteina"),"")) | N8: =IFERROR(Media_Pool_Mes!C2,"") -> 47.815437
A9: Volume (t) | B9: =IFERROR(SUMIFS(Desconto_Cliente_Mes!$D$2:$D$433,Desconto_Cliente_Mes!$A$2:$A$433,B$7,Desconto_Cliente_Mes!$B$2:$B$433,$A7,Desconto_Cliente_Mes!$C$2:$C$433,"Proteina"),0) -> 0 | C9: =IFERROR(SUMIFS(Desconto_Cliente_Mes!$D$2:$D$433,Desconto_Cliente_Mes!$A$2:$A$433,C$7,Desconto_Cliente_Mes!$B$2:$B$433,$A7,Desconto_Cliente_Mes!$C$2:$C$433,"Proteina"),0) -> 39842.6 | D9: =IFERROR(SUMIFS(Desconto_Cliente_Mes!$D$2:$D$433,Desconto_Cliente_Mes!$A$2:$A$433,D$7,Desconto_Cliente_Mes!$B$2:$B$433,$A7,Desconto_Cliente_Mes!$C$2:$C$433,"Proteina"),0) -> 18891.74 | E9: =IFERROR(SUMIFS(Desconto_Cliente_Mes!$D$2:$D$433,Desconto_Cliente_Mes!$A$2:$A$433,E$7,Desconto_Cliente_Mes!$B$2:$B$433,$A7,Desconto_Cliente_Mes!$C$2:$C$433,"Proteina"),0) -> 26334.33 | F9: =IFERROR(SUMIFS(Desconto_Cliente_Mes!$D$2:$D$433,Desconto_Cliente_Mes!$A$2:$A$433,F$7,Desconto_Cliente_Mes!$B$2:$B$433,$A7,Desconto_Cliente_Mes!$C$2:$C$433,"Proteina"),0) -> 58133.28 | G9: =IFERROR(SUMIFS(Desconto_Cliente_Mes!$D$2:$D$433,Desconto_Cliente_Mes!$A$2:$A$433,G$7,Desconto_Cliente_Mes!$B$2:$B$433,$A7,Desconto_Cliente_Mes!$C$2:$C$433,"Proteina"),0) -> 48560.63 | H9: =IFERROR(SUMIFS(Desconto_Cliente_Mes!$D$2:$D$433,Desconto_Cliente_Mes!$A$2:$A$433,H$7,Desconto_Cliente_Mes!$B$2:$B$433,$A7,Desconto_Cliente_Mes!$C$2:$C$433,"Proteina"),0) -> 72053.69 | I9: =IFERROR(SUMIFS(Desconto_Cliente_Mes!$D$2:$D$433,Desconto_Cliente_Mes!$A$2:$A$433,I$7,Desconto_Cliente_Mes!$B$2:$B$433,$A7,Desconto_Cliente_Mes!$C$2:$C$433,"Proteina"),0) -> 0 | ... M9: =IFERROR(SUMIFS(Desconto_Cliente_Mes!$D$2:$D$433,Desconto_Cliente_Mes!$A$2:$A$433,M$7,Desconto_Cliente_Mes!$B$2:$B$433,$A7,Desconto_Cliente_Mes!$C$2:$C$433,"Proteina"),0) -> 0 | N9: =SUM(B9:M9) -> 263816.27
A10: Desconto 1:1 (%) | B10: =MAX(0,(SUMIFS(Desconto_Cliente_Mes!$L$2:$L$433,Desconto_Cliente_Mes!$A$2:$A$433,B$7,Desconto_Cliente_Mes!$B$2:$B$433,$A7,Desconto_Cliente_Mes!$C$2:$C$433,"Proteina"))-(SUMIFS(Desconto_Cliente_Mes!$N$2:$N$433,Desconto_Cliente_Mes!$A$2:$A$433,B$7,Desconto_Cliente_Mes!$B$2:$B$433,$A7,Desconto_Cliente_Mes!$C$2:$C$433,"Proteina"))) -> 0 | C10: =MAX(0,(SUMIFS(Desconto_Cliente_Mes!$L$2:$L$433,Desconto_Cliente_Mes!$A$2:$A$433,C$7,Desconto_Cliente_Mes!$B$2:$B$433,$A7,Desconto_Cliente_Mes!$C$2:$C$433,"Proteina"))-(SUMIFS(Desconto_Cliente_Mes!$N$2:$N$433,Desconto_Cliente_Mes!$A$2:$A$433,C$7,Desconto_Cliente_Mes!$B$2:$B$433,$A7,Desconto_Cliente_Mes!$C$2:$C$433,"Proteina"))) -> 0 | D10: =MAX(0,(SUMIFS(Desconto_Cliente_Mes!$L$2:$L$433,Desconto_Cliente_Mes!$A$2:$A$433,D$7,Desconto_Cliente_Mes!$B$2:$B$433,$A7,Desconto_Cliente_Mes!$C$2:$C$433,"Proteina"))-(SUMIFS(Desconto_Cliente_Mes!$N$2:$N$433,Desconto_Cliente_Mes!$A$2:$A$433,D$7,Desconto_Cliente_Mes!$B$2:$B$433,$A7,Desconto_Cliente_Mes!$C$2:$C$433,"Proteina"))) -> 0 | E10: =MAX(0,(SUMIFS(Desconto_Cliente_Mes!$L$2:$L$433,Desconto_Cliente_Mes!$A$2:$A$433,E$7,Desconto_Cliente_Mes!$B$2:$B$433,$A7,Desconto_Cliente_Mes!$C$2:$C$433,"Proteina"))-(SUMIFS(Desconto_Cliente_Mes!$N$2:$N$433,Desconto_Cliente_Mes!$A$2:$A$433,E$7,Desconto_Cliente_Mes!$B$2:$B$433,$A7,Desconto_Cliente_Mes!$C$2:$C$433,"Proteina"))) -> 0.0095651728 | F10: =MAX(0,(SUMIFS(Desconto_Cliente_Mes!$L$2:$L$433,Desconto_Cliente_Mes!$A$2:$A$433,F$7,Desconto_Cliente_Mes!$B$2:$B$433,$A7,Desconto_Cliente_Mes!$C$2:$C$433,"Proteina"))-(SUMIFS(Desconto_Cliente_Mes!$N$2:$N$433,Desconto_Cliente_Mes!$A$2:$A$433,F$7,Desconto_Cliente_Mes!$B$2:$B$433,$A7,Desconto_Cliente_Mes!$C$2:$C$433,"Proteina"))) -> 0.054635427 | G10: =MAX(0,(SUMIFS(Desconto_Cliente_Mes!$L$2:$L$433,Desconto_Cliente_Mes!$A$2:$A$433,G$7,Desconto_Cliente_Mes!$B$2:$B$433,$A7,Desconto_Cliente_Mes!$C$2:$C$433,"Proteina"))-(SUMIFS(Desconto_Cliente_Mes!$N$2:$N$433,Desconto_Cliente_Mes!$A$2:$A$433,G$7,Desconto_Cliente_Mes!$B$2:$B$433,$A7,Desconto_Cliente_Mes!$C$2:$C$433,"Proteina"))) -> 0.24710128 | H10: =MAX(0,(SUMIFS(Desconto_Cliente_Mes!$L$2:$L$433,Desconto_Cliente_Mes!$A$2:$A$433,H$7,Desconto_Cliente_Mes!$B$2:$B$433,$A7,Desconto_Cliente_Mes!$C$2:$C$433,"Proteina"))-(SUMIFS(Desconto_Cliente_Mes!$N$2:$N$433,Desconto_Cliente_Mes!$A$2:$A$433,H$7,Desconto_Cliente_Mes!$B$2:$B$433,$A7,Desconto_Cliente_Mes!$C$2:$C$433,"Proteina"))) -> 0.11443401 | I10: =MAX(0,(SUMIFS(Desconto_Cliente_Mes!$L$2:$L$433,Desconto_Cliente_Mes!$A$2:$A$433,I$7,Desconto_Cliente_Mes!$B$2:$B$433,$A7,Desconto_Cliente_Mes!$C$2:$C$433,"Proteina"))-(SUMIFS(Desconto_Cliente_Mes!$N$2:$N$433,Desconto_Cliente_Mes!$A$2:$A$433,I$7,Desconto_Cliente_Mes!$B$2:$B$433,$A7,Desconto_Cliente_Mes!$C$2:$C$433,"Proteina"))) -> 0 | ... M10: =MAX(0,(SUMIFS(Desconto_Cliente_Mes!$L$2:$L$433,Desconto_Cliente_Mes!$A$2:$A$433,M$7,Desconto_Cliente_Mes!$B$2:$B$433,$A7,Desconto_Cliente_Mes!$C$2:$C$433,"Proteina"))-(SUMIFS(Desconto_Cliente_Mes!$N$2:$N$433,Desconto_Cliente_Mes!$A$2:$A$433,M$7,Desconto_Cliente_Mes!$B$2:$B$433,$A7,Desconto_Cliente_Mes!$C$2:$C$433,"Proteina"))) -> 0
A11: Desconto 1,5:1 (%) | B11: =MAX(0,(SUMIFS(Desconto_Cliente_Mes!$N$2:$N$433,Desconto_Cliente_Mes!$A$2:$A$433,B$7,Desconto_Cliente_Mes!$B$2:$B$433,$A7,Desconto_Cliente_Mes!$C$2:$C$433,"Proteina"))-(SUMIFS(Desconto_Cliente_Mes!$P$2:$P$433,Desconto_Cliente_Mes!$A$2:$A$433,B$7,Desconto_Cliente_Mes!$B$2:$B$433,$A7,Desconto_Cliente_Mes!$C$2:$C$433,"Proteina"))) -> 0 | C11: =MAX(0,(SUMIFS(Desconto_Cliente_Mes!$N$2:$N$433,Desconto_Cliente_Mes!$A$2:$A$433,C$7,Desconto_Cliente_Mes!$B$2:$B$433,$A7,Desconto_Cliente_Mes!$C$2:$C$433,"Proteina"))-(SUMIFS(Desconto_Cliente_Mes!$P$2:$P$433,Desconto_Cliente_Mes!$A$2:$A$433,C$7,Desconto_Cliente_Mes!$B$2:$B$433,$A7,Desconto_Cliente_Mes!$C$2:$C$433,"Proteina"))) -> 0 | D11: =MAX(0,(SUMIFS(Desconto_Cliente_Mes!$N$2:$N$433,Desconto_Cliente_Mes!$A$2:$A$433,D$7,Desconto_Cliente_Mes!$B$2:$B$433,$A7,Desconto_Cliente_Mes!$C$2:$C$433,"Proteina"))-(SUMIFS(Desconto_Cliente_Mes!$P$2:$P$433,Desconto_Cliente_Mes!$A$2:$A$433,D$7,Desconto_Cliente_Mes!$B$2:$B$433,$A7,Desconto_Cliente_Mes!$C$2:$C$433,"Proteina"))) -> 0 | E11: =MAX(0,(SUMIFS(Desconto_Cliente_Mes!$N$2:$N$433,Desconto_Cliente_Mes!$A$2:$A$433,E$7,Desconto_Cliente_Mes!$B$2:$B$433,$A7,Desconto_Cliente_Mes!$C$2:$C$433,"Proteina"))-(SUMIFS(Desconto_Cliente_Mes!$P$2:$P$433,Desconto_Cliente_Mes!$A$2:$A$433,E$7,Desconto_Cliente_Mes!$B$2:$B$433,$A7,Desconto_Cliente_Mes!$C$2:$C$433,"Proteina"))) -> 0 | F11: =MAX(0,(SUMIFS(Desconto_Cliente_Mes!$N$2:$N$433,Desconto_Cliente_Mes!$A$2:$A$433,F$7,Desconto_Cliente_Mes!$B$2:$B$433,$A7,Desconto_Cliente_Mes!$C$2:$C$433,"Proteina"))-(SUMIFS(Desconto_Cliente_Mes!$P$2:$P$433,Desconto_Cliente_Mes!$A$2:$A$433,F$7,Desconto_Cliente_Mes!$B$2:$B$433,$A7,Desconto_Cliente_Mes!$C$2:$C$433,"Proteina"))) -> 0 | G11: =MAX(0,(SUMIFS(Desconto_Cliente_Mes!$N$2:$N$433,Desconto_Cliente_Mes!$A$2:$A$433,G$7,Desconto_Cliente_Mes!$B$2:$B$433,$A7,Desconto_Cliente_Mes!$C$2:$C$433,"Proteina"))-(SUMIFS(Desconto_Cliente_Mes!$P$2:$P$433,Desconto_Cliente_Mes!$A$2:$A$433,G$7,Desconto_Cliente_Mes!$B$2:$B$433,$A7,Desconto_Cliente_Mes!$C$2:$C$433,"Proteina"))) -> 0 | H11: =MAX(0,(SUMIFS(Desconto_Cliente_Mes!$N$2:$N$433,Desconto_Cliente_Mes!$A$2:$A$433,H$7,Desconto_Cliente_Mes!$B$2:$B$433,$A7,Desconto_Cliente_Mes!$C$2:$C$433,"Proteina"))-(SUMIFS(Desconto_Cliente_Mes!$P$2:$P$433,Desconto_Cliente_Mes!$A$2:$A$433,H$7,Desconto_Cliente_Mes!$B$2:$B$433,$A7,Desconto_Cliente_Mes!$C$2:$C$433,"Proteina"))) -> 0 | I11: =MAX(0,(SUMIFS(Desconto_Cliente_Mes!$N$2:$N$433,Desconto_Cliente_Mes!$A$2:$A$433,I$7,Desconto_Cliente_Mes!$B$2:$B$433,$A7,Desconto_Cliente_Mes!$C$2:$C$433,"Proteina"))-(SUMIFS(Desconto_Cliente_Mes!$P$2:$P$433,Desconto_Cliente_Mes!$A$2:$A$433,I$7,Desconto_Cliente_Mes!$B$2:$B$433,$A7,Desconto_Cliente_Mes!$C$2:$C$433,"Proteina"))) -> 0 | ... M11: =MAX(0,(SUMIFS(Desconto_Cliente_Mes!$N$2:$N$433,Desconto_Cliente_Mes!$A$2:$A$433,M$7,Desconto_Cliente_Mes!$B$2:$B$433,$A7,Desconto_Cliente_Mes!$C$2:$C$433,"Proteina"))-(SUMIFS(Desconto_Cliente_Mes!$P$2:$P$433,Desconto_Cliente_Mes!$A$2:$A$433,M$7,Desconto_Cliente_Mes!$B$2:$B$433,$A7,Desconto_Cliente_Mes!$C$2:$C$433,"Proteina"))) -> 0
A12: Desconto 2:1 (%) | B12: =MAX(0,SUMIFS(Desconto_Cliente_Mes!$P$2:$P$433,Desconto_Cliente_Mes!$A$2:$A$433,B$7,Desconto_Cliente_Mes!$B$2:$B$433,$A7,Desconto_Cliente_Mes!$C$2:$C$433,"Proteina")) -> 0 | C12: =MAX(0,SUMIFS(Desconto_Cliente_Mes!$P$2:$P$433,Desconto_Cliente_Mes!$A$2:$A$433,C$7,Desconto_Cliente_Mes!$B$2:$B$433,$A7,Desconto_Cliente_Mes!$C$2:$C$433,"Proteina")) -> 0 | D12: =MAX(0,SUMIFS(Desconto_Cliente_Mes!$P$2:$P$433,Desconto_Cliente_Mes!$A$2:$A$433,D$7,Desconto_Cliente_Mes!$B$2:$B$433,$A7,Desconto_Cliente_Mes!$C$2:$C$433,"Proteina")) -> 0 | E12: =MAX(0,SUMIFS(Desconto_Cliente_Mes!$P$2:$P$433,Desconto_Cliente_Mes!$A$2:$A$433,E$7,Desconto_Cliente_Mes!$B$2:$B$433,$A7,Desconto_Cliente_Mes!$C$2:$C$433,"Proteina")) -> 0 | F12: =MAX(0,SUMIFS(Desconto_Cliente_Mes!$P$2:$P$433,Desconto_Cliente_Mes!$A$2:$A$433,F$7,Desconto_Cliente_Mes!$B$2:$B$433,$A7,Desconto_Cliente_Mes!$C$2:$C$433,"Proteina")) -> 0 | G12: =MAX(0,SUMIFS(Desconto_Cliente_Mes!$P$2:$P$433,Desconto_Cliente_Mes!$A$2:$A$433,G$7,Desconto_Cliente_Mes!$B$2:$B$433,$A7,Desconto_Cliente_Mes!$C$2:$C$433,"Proteina")) -> 0 | H12: =MAX(0,SUMIFS(Desconto_Cliente_Mes!$P$2:$P$433,Desconto_Cliente_Mes!$A$2:$A$433,H$7,Desconto_Cliente_Mes!$B$2:$B$433,$A7,Desconto_Cliente_Mes!$C$2:$C$433,"Proteina")) -> 0 | I12: =MAX(0,SUMIFS(Desconto_Cliente_Mes!$P$2:$P$433,Desconto_Cliente_Mes!$A$2:$A$433,I$7,Desconto_Cliente_Mes!$B$2:$B$433,$A7,Desconto_Cliente_Mes!$C$2:$C$433,"Proteina")) -> 0 | ... M12: =MAX(0,SUMIFS(Desconto_Cliente_Mes!$P$2:$P$433,Desconto_Cliente_Mes!$A$2:$A$433,M$7,Desconto_Cliente_Mes!$B$2:$B$433,$A7,Desconto_Cliente_Mes!$C$2:$C$433,"Proteina")) -> 0
A13: Cobranca 1:1 - USD | B13: =$B$9*($B$10/100)*(SUMIFS(Desconto_Cliente_Mes!$Q$2:$Q$433,Desconto_Cliente_Mes!$A$2:$A$433,B$7,Desconto_Cliente_Mes!$B$2:$B$433,$A7,Desconto_Cliente_Mes!$C$2:$C$433,"Proteina"))*(SUMIFS(Desconto_Cliente_Mes!$T$2:$T$433,Desconto_Cliente_Mes!$A$2:$A$433,B$7,Desconto_Cliente_Mes!$B$2:$B$433,$A7,Desconto_Cliente_Mes!$C$2:$C$433,"Proteina")) -> 0 | C13: =$C$9*($C$10/100)*(SUMIFS(Desconto_Cliente_Mes!$Q$2:$Q$433,Desconto_Cliente_Mes!$A$2:$A$433,C$7,Desconto_Cliente_Mes!$B$2:$B$433,$A7,Desconto_Cliente_Mes!$C$2:$C$433,"Proteina"))*(SUMIFS(Desconto_Cliente_Mes!$T$2:$T$433,Desconto_Cliente_Mes!$A$2:$A$433,C$7,Desconto_Cliente_Mes!$B$2:$B$433,$A7,Desconto_Cliente_Mes!$C$2:$C$433,"Proteina")) -> 0 | D13: =$D$9*($D$10/100)*(SUMIFS(Desconto_Cliente_Mes!$Q$2:$Q$433,Desconto_Cliente_Mes!$A$2:$A$433,D$7,Desconto_Cliente_Mes!$B$2:$B$433,$A7,Desconto_Cliente_Mes!$C$2:$C$433,"Proteina"))*(SUMIFS(Desconto_Cliente_Mes!$T$2:$T$433,Desconto_Cliente_Mes!$A$2:$A$433,D$7,Desconto_Cliente_Mes!$B$2:$B$433,$A7,Desconto_Cliente_Mes!$C$2:$C$433,"Proteina")) -> 0 | E13: =$E$9*($E$10/100)*(SUMIFS(Desconto_Cliente_Mes!$Q$2:$Q$433,Desconto_Cliente_Mes!$A$2:$A$433,E$7,Desconto_Cliente_Mes!$B$2:$B$433,$A7,Desconto_Cliente_Mes!$C$2:$C$433,"Proteina"))*(SUMIFS(Desconto_Cliente_Mes!$T$2:$T$433,Desconto_Cliente_Mes!$A$2:$A$433,E$7,Desconto_Cliente_Mes!$B$2:$B$433,$A7,Desconto_Cliente_Mes!$C$2:$C$433,"Proteina")) -> 972.30473 | F13: =$F$9*($F$10/100)*(SUMIFS(Desconto_Cliente_Mes!$Q$2:$Q$433,Desconto_Cliente_Mes!$A$2:$A$433,F$7,Desconto_Cliente_Mes!$B$2:$B$433,$A7,Desconto_Cliente_Mes!$C$2:$C$433,"Proteina"))*(SUMIFS(Desconto_Cliente_Mes!$T$2:$T$433,Desconto_Cliente_Mes!$A$2:$A$433,F$7,Desconto_Cliente_Mes!$B$2:$B$433,$A7,Desconto_Cliente_Mes!$C$2:$C$433,"Proteina")) -> 12259.887 | G13: =$G$9*($G$10/100)*(SUMIFS(Desconto_Cliente_Mes!$Q$2:$Q$433,Desconto_Cliente_Mes!$A$2:$A$433,G$7,Desconto_Cliente_Mes!$B$2:$B$433,$A7,Desconto_Cliente_Mes!$C$2:$C$433,"Proteina"))*(SUMIFS(Desconto_Cliente_Mes!$T$2:$T$433,Desconto_Cliente_Mes!$A$2:$A$433,G$7,Desconto_Cliente_Mes!$B$2:$B$433,$A7,Desconto_Cliente_Mes!$C$2:$C$433,"Proteina")) -> 46317.66 | H13: =$H$9*($H$10/100)*(SUMIFS(Desconto_Cliente_Mes!$Q$2:$Q$433,Desconto_Cliente_Mes!$A$2:$A$433,H$7,Desconto_Cliente_Mes!$B$2:$B$433,$A7,Desconto_Cliente_Mes!$C$2:$C$433,"Proteina"))*(SUMIFS(Desconto_Cliente_Mes!$T$2:$T$433,Desconto_Cliente_Mes!$A$2:$A$433,H$7,Desconto_Cliente_Mes!$B$2:$B$433,$A7,Desconto_Cliente_Mes!$C$2:$C$433,"Proteina")) -> 31827.215 | I13: =$I$9*($I$10/100)*(SUMIFS(Desconto_Cliente_Mes!$Q$2:$Q$433,Desconto_Cliente_Mes!$A$2:$A$433,I$7,Desconto_Cliente_Mes!$B$2:$B$433,$A7,Desconto_Cliente_Mes!$C$2:$C$433,"Proteina"))*(SUMIFS(Desconto_Cliente_Mes!$T$2:$T$433,Desconto_Cliente_Mes!$A$2:$A$433,I$7,Desconto_Cliente_Mes!$B$2:$B$433,$A7,Desconto_Cliente_Mes!$C$2:$C$433,"Proteina")) -> 0 | J13: =$J$9*($J$10/100)*(SUMIFS(Desconto_Cliente_Mes!$Q$2:$Q$433,Desconto_Cliente_Mes!$A$2:$A$433,J$7,Desconto_Cliente_Mes!$B$2:$B$433,$A7,Desconto_Cliente_Mes!$C$2:$C$433,"Proteina"))*(SUMIFS(Desconto_Cliente_Mes!$T$2:$T$433,Desconto_Cliente_Mes!$A$2:$A$433,J$7,Desconto_Cliente_Mes!$B$2:$B$433,$A7,Desconto_Cliente_Mes!$C$2:$C$433,"Proteina")) -> 0 | K13: =$K$9*($K$10/100)*(SUMIFS(Desconto_Cliente_Mes!$Q$2:$Q$433,Desconto_Cliente_Mes!$A$2:$A$433,K$7,Desconto_Cliente_Mes!$B$2:$B$433,$A7,Desconto_Cliente_Mes!$C$2:$C$433,"Proteina"))*(SUMIFS(Desconto_Cliente_Mes!$T$2:$T$433,Desconto_Cliente_Mes!$A$2:$A$433,K$7,Desconto_Cliente_Mes!$B$2:$B$433,$A7,Desconto_Cliente_Mes!$C$2:$C$433,"Proteina")) -> 0 | L13: =$L$9*($L$10/100)*(SUMIFS(Desconto_Cliente_Mes!$Q$2:$Q$433,Desconto_Cliente_Mes!$A$2:$A$433,L$7,Desconto_Cliente_Mes!$B$2:$B$433,$A7,Desconto_Cliente_Mes!$C$2:$C$433,"Proteina"))*(SUMIFS(Desconto_Cliente_Mes!$T$2:$T$433,Desconto_Cliente_Mes!$A$2:$A$433,L$7,Desconto_Cliente_Mes!$B$2:$B$433,$A7,Desconto_Cliente_Mes!$C$2:$C$433,"Proteina")) -> 0 | M13: =$M$9*($M$10/100)*(SUMIFS(Desconto_Cliente_Mes!$Q$2:$Q$433,Desconto_Cliente_Mes!$A$2:$A$433,M$7,Desconto_Cliente_Mes!$B$2:$B$433,$A7,Desconto_Cliente_Mes!$C$2:$C$433,"Proteina"))*(SUMIFS(Desconto_Cliente_Mes!$T$2:$T$433,Desconto_Cliente_Mes!$A$2:$A$433,M$7,Desconto_Cliente_Mes!$B$2:$B$433,$A7,Desconto_Cliente_Mes!$C$2:$C$433,"Proteina")) -> 0 | N13: =SUM(B13:M13) -> 91377.067
A14: Cobranca 1,5:1 - USD | B14: =$B$9*($B$11/100)*((IF(SUMIFS(Desconto_Cliente_Mes!$R$2:$R$433,Desconto_Cliente_Mes!$A$2:$A$433,B$7,Desconto_Cliente_Mes!$B$2:$B$433,$A7,Desconto_Cliente_Mes!$C$2:$C$433,"Proteina")="",SUMIFS(Desconto_Cliente_Mes!$Q$2:$Q$433,Desconto_Cliente_Mes!$A$2:$A$433,B$7,Desconto_Cliente_Mes!$B$2:$B$433,$A7,Desconto_Cliente_Mes!$C$2:$C$433,"Proteina"),SUMIFS(Desconto_Cliente_Mes!$R$2:$R$433,Desconto_Cliente_Mes!$A$2:$A$433,B$7,Desconto_Cliente_Mes!$B$2:$B$433,$A7,Desconto_Cliente_Mes!$C$2:$C$433,"Proteina")))-(SUMIFS(Desconto_Cliente_Mes!$Q$2:$Q$433,Desconto_Cliente_Mes!$A$2:$A$433,B$7,Desconto_Cliente_Mes!$B$2:$B$433,$A7,Desconto_Cliente_Mes!$C$2:$C$433,"Proteina")))*(SUMIFS(Desconto_Cliente_Mes!$T$2:$T$433,Desconto_Cliente_Mes!$A$2:$A$433,B$7,Desconto_Cliente_Mes!$B$2:$B$433,$A7,Desconto_Cliente_Mes!$C$2:$C$433,"Proteina")) -> 0 | C14: =$C$9*($C$11/100)*((IF(SUMIFS(Desconto_Cliente_Mes!$R$2:$R$433,Desconto_Cliente_Mes!$A$2:$A$433,C$7,Desconto_Cliente_Mes!$B$2:$B$433,$A7,Desconto_Cliente_Mes!$C$2:$C$433,"Proteina")="",SUMIFS(Desconto_Cliente_Mes!$Q$2:$Q$433,Desconto_Cliente_Mes!$A$2:$A$433,C$7,Desconto_Cliente_Mes!$B$2:$B$433,$A7,Desconto_Cliente_Mes!$C$2:$C$433,"Proteina"),SUMIFS(Desconto_Cliente_Mes!$R$2:$R$433,Desconto_Cliente_Mes!$A$2:$A$433,C$7,Desconto_Cliente_Mes!$B$2:$B$433,$A7,Desconto_Cliente_Mes!$C$2:$C$433,"Proteina")))-(SUMIFS(Desconto_Cliente_Mes!$Q$2:$Q$433,Desconto_Cliente_Mes!$A$2:$A$433,C$7,Desconto_Cliente_Mes!$B$2:$B$433,$A7,Desconto_Cliente_Mes!$C$2:$C$433,"Proteina")))*(SUMIFS(Desconto_Cliente_Mes!$T$2:$T$433,Desconto_Cliente_Mes!$A$2:$A$433,C$7,Desconto_Cliente_Mes!$B$2:$B$433,$A7,Desconto_Cliente_Mes!$C$2:$C$433,"Proteina")) -> 0 | D14: =$D$9*($D$11/100)*((IF(SUMIFS(Desconto_Cliente_Mes!$R$2:$R$433,Desconto_Cliente_Mes!$A$2:$A$433,D$7,Desconto_Cliente_Mes!$B$2:$B$433,$A7,Desconto_Cliente_Mes!$C$2:$C$433,"Proteina")="",SUMIFS(Desconto_Cliente_Mes!$Q$2:$Q$433,Desconto_Cliente_Mes!$A$2:$A$433,D$7,Desconto_Cliente_Mes!$B$2:$B$433,$A7,Desconto_Cliente_Mes!$C$2:$C$433,"Proteina"),SUMIFS(Desconto_Cliente_Mes!$R$2:$R$433,Desconto_Cliente_Mes!$A$2:$A$433,D$7,Desconto_Cliente_Mes!$B$2:$B$433,$A7,Desconto_Cliente_Mes!$C$2:$C$433,"Proteina")))-(SUMIFS(Desconto_Cliente_Mes!$Q$2:$Q$433,Desconto_Cliente_Mes!$A$2:$A$433,D$7,Desconto_Cliente_Mes!$B$2:$B$433,$A7,Desconto_Cliente_Mes!$C$2:$C$433,"Proteina")))*(SUMIFS(Desconto_Cliente_Mes!$T$2:$T$433,Desconto_Cliente_Mes!$A$2:$A$433,D$7,Desconto_Cliente_Mes!$B$2:$B$433,$A7,Desconto_Cliente_Mes!$C$2:$C$433,"Proteina")) -> 0 | E14: =$E$9*($E$11/100)*((IF(SUMIFS(Desconto_Cliente_Mes!$R$2:$R$433,Desconto_Cliente_Mes!$A$2:$A$433,E$7,Desconto_Cliente_Mes!$B$2:$B$433,$A7,Desconto_Cliente_Mes!$C$2:$C$433,"Proteina")="",SUMIFS(Desconto_Cliente_Mes!$Q$2:$Q$433,Desconto_Cliente_Mes!$A$2:$A$433,E$7,Desconto_Cliente_Mes!$B$2:$B$433,$A7,Desconto_Cliente_Mes!$C$2:$C$433,"Proteina"),SUMIFS(Desconto_Cliente_Mes!$R$2:$R$433,Desconto_Cliente_Mes!$A$2:$A$433,E$7,Desconto_Cliente_Mes!$B$2:$B$433,$A7,Desconto_Cliente_Mes!$C$2:$C$433,"Proteina")))-(SUMIFS(Desconto_Cliente_Mes!$Q$2:$Q$433,Desconto_Cliente_Mes!$A$2:$A$433,E$7,Desconto_Cliente_Mes!$B$2:$B$433,$A7,Desconto_Cliente_Mes!$C$2:$C$433,"Proteina")))*(SUMIFS(Desconto_Cliente_Mes!$T$2:$T$433,Desconto_Cliente_Mes!$A$2:$A$433,E$7,Desconto_Cliente_Mes!$B$2:$B$433,$A7,Desconto_Cliente_Mes!$C$2:$C$433,"Proteina")) -> 0 | F14: =$F$9*($F$11/100)*((IF(SUMIFS(Desconto_Cliente_Mes!$R$2:$R$433,Desconto_Cliente_Mes!$A$2:$A$433,F$7,Desconto_Cliente_Mes!$B$2:$B$433,$A7,Desconto_Cliente_Mes!$C$2:$C$433,"Proteina")="",SUMIFS(Desconto_Cliente_Mes!$Q$2:$Q$433,Desconto_Cliente_Mes!$A$2:$A$433,F$7,Desconto_Cliente_Mes!$B$2:$B$433,$A7,Desconto_Cliente_Mes!$C$2:$C$433,"Proteina"),SUMIFS(Desconto_Cliente_Mes!$R$2:$R$433,Desconto_Cliente_Mes!$A$2:$A$433,F$7,Desconto_Cliente_Mes!$B$2:$B$433,$A7,Desconto_Cliente_Mes!$C$2:$C$433,"Proteina")))-(SUMIFS(Desconto_Cliente_Mes!$Q$2:$Q$433,Desconto_Cliente_Mes!$A$2:$A$433,F$7,Desconto_Cliente_Mes!$B$2:$B$433,$A7,Desconto_Cliente_Mes!$C$2:$C$433,"Proteina")))*(SUMIFS(Desconto_Cliente_Mes!$T$2:$T$433,Desconto_Cliente_Mes!$A$2:$A$433,F$7,Desconto_Cliente_Mes!$B$2:$B$433,$A7,Desconto_Cliente_Mes!$C$2:$C$433,"Proteina")) -> 0 | G14: =$G$9*($G$11/100)*((IF(SUMIFS(Desconto_Cliente_Mes!$R$2:$R$433,Desconto_Cliente_Mes!$A$2:$A$433,G$7,Desconto_Cliente_Mes!$B$2:$B$433,$A7,Desconto_Cliente_Mes!$C$2:$C$433,"Proteina")="",SUMIFS(Desconto_Cliente_Mes!$Q$2:$Q$433,Desconto_Cliente_Mes!$A$2:$A$433,G$7,Desconto_Cliente_Mes!$B$2:$B$433,$A7,Desconto_Cliente_Mes!$C$2:$C$433,"Proteina"),SUMIFS(Desconto_Cliente_Mes!$R$2:$R$433,Desconto_Cliente_Mes!$A$2:$A$433,G$7,Desconto_Cliente_Mes!$B$2:$B$433,$A7,Desconto_Cliente_Mes!$C$2:$C$433,"Proteina")))-(SUMIFS(Desconto_Cliente_Mes!$Q$2:$Q$433,Desconto_Cliente_Mes!$A$2:$A$433,G$7,Desconto_Cliente_Mes!$B$2:$B$433,$A7,Desconto_Cliente_Mes!$C$2:$C$433,"Proteina")))*(SUMIFS(Desconto_Cliente_Mes!$T$2:$T$433,Desconto_Cliente_Mes!$A$2:$A$433,G$7,Desconto_Cliente_Mes!$B$2:$B$433,$A7,Desconto_Cliente_Mes!$C$2:$C$433,"Proteina")) -> 0 | H14: =$H$9*($H$11/100)*((IF(SUMIFS(Desconto_Cliente_Mes!$R$2:$R$433,Desconto_Cliente_Mes!$A$2:$A$433,H$7,Desconto_Cliente_Mes!$B$2:$B$433,$A7,Desconto_Cliente_Mes!$C$2:$C$433,"Proteina")="",SUMIFS(Desconto_Cliente_Mes!$Q$2:$Q$433,Desconto_Cliente_Mes!$A$2:$A$433,H$7,Desconto_Cliente_Mes!$B$2:$B$433,$A7,Desconto_Cliente_Mes!$C$2:$C$433,"Proteina"),SUMIFS(Desconto_Cliente_Mes!$R$2:$R$433,Desconto_Cliente_Mes!$A$2:$A$433,H$7,Desconto_Cliente_Mes!$B$2:$B$433,$A7,Desconto_Cliente_Mes!$C$2:$C$433,"Proteina")))-(SUMIFS(Desconto_Cliente_Mes!$Q$2:$Q$433,Desconto_Cliente_Mes!$A$2:$A$433,H$7,Desconto_Cliente_Mes!$B$2:$B$433,$A7,Desconto_Cliente_Mes!$C$2:$C$433,"Proteina")))*(SUMIFS(Desconto_Cliente_Mes!$T$2:$T$433,Desconto_Cliente_Mes!$A$2:$A$433,H$7,Desconto_Cliente_Mes!$B$2:$B$433,$A7,Desconto_Cliente_Mes!$C$2:$C$433,"Proteina")) -> 0 | I14: =$I$9*($I$11/100)*((IF(SUMIFS(Desconto_Cliente_Mes!$R$2:$R$433,Desconto_Cliente_Mes!$A$2:$A$433,I$7,Desconto_Cliente_Mes!$B$2:$B$433,$A7,Desconto_Cliente_Mes!$C$2:$C$433,"Proteina")="",SUMIFS(Desconto_Cliente_Mes!$Q$2:$Q$433,Desconto_Cliente_Mes!$A$2:$A$433,I$7,Desconto_Cliente_Mes!$B$2:$B$433,$A7,Desconto_Cliente_Mes!$C$2:$C$433,"Proteina"),SUMIFS(Desconto_Cliente_Mes!$R$2:$R$433,Desconto_Cliente_Mes!$A$2:$A$433,I$7,Desconto_Cliente_Mes!$B$2:$B$433,$A7,Desconto_Cliente_Mes!$C$2:$C$433,"Proteina")))-(SUMIFS(Desconto_Cliente_Mes!$Q$2:$Q$433,Desconto_Cliente_Mes!$A$2:$A$433,I$7,Desconto_Cliente_Mes!$B$2:$B$433,$A7,Desconto_Cliente_Mes!$C$2:$C$433,"Proteina")))*(SUMIFS(Desconto_Cliente_Mes!$T$2:$T$433,Desconto_Cliente_Mes!$A$2:$A$433,I$7,Desconto_Cliente_Mes!$B$2:$B$433,$A7,Desconto_Cliente_Mes!$C$2:$C$433,"Proteina")) -> 0 | J14: =$J$9*($J$11/100)*((IF(SUMIFS(Desconto_Cliente_Mes!$R$2:$R$433,Desconto_Cliente_Mes!$A$2:$A$433,J$7,Desconto_Cliente_Mes!$B$2:$B$433,$A7,Desconto_Cliente_Mes!$C$2:$C$433,"Proteina")="",SUMIFS(Desconto_Cliente_Mes!$Q$2:$Q$433,Desconto_Cliente_Mes!$A$2:$A$433,J$7,Desconto_Cliente_Mes!$B$2:$B$433,$A7,Desconto_Cliente_Mes!$C$2:$C$433,"Proteina"),SUMIFS(Desconto_Cliente_Mes!$R$2:$R$433,Desconto_Cliente_Mes!$A$2:$A$433,J$7,Desconto_Cliente_Mes!$B$2:$B$433,$A7,Desconto_Cliente_Mes!$C$2:$C$433,"Proteina")))-(SUMIFS(Desconto_Cliente_Mes!$Q$2:$Q$433,Desconto_Cliente_Mes!$A$2:$A$433,J$7,Desconto_Cliente_Mes!$B$2:$B$433,$A7,Desconto_Cliente_Mes!$C$2:$C$433,"Proteina")))*(SUMIFS(Desconto_Cliente_Mes!$T$2:$T$433,Desconto_Cliente_Mes!$A$2:$A$433,J$7,Desconto_Cliente_Mes!$B$2:$B$433,$A7,Desconto_Cliente_Mes!$C$2:$C$433,"Proteina")) -> 0 | K14: =$K$9*($K$11/100)*((IF(SUMIFS(Desconto_Cliente_Mes!$R$2:$R$433,Desconto_Cliente_Mes!$A$2:$A$433,K$7,Desconto_Cliente_Mes!$B$2:$B$433,$A7,Desconto_Cliente_Mes!$C$2:$C$433,"Proteina")="",SUMIFS(Desconto_Cliente_Mes!$Q$2:$Q$433,Desconto_Cliente_Mes!$A$2:$A$433,K$7,Desconto_Cliente_Mes!$B$2:$B$433,$A7,Desconto_Cliente_Mes!$C$2:$C$433,"Proteina"),SUMIFS(Desconto_Cliente_Mes!$R$2:$R$433,Desconto_Cliente_Mes!$A$2:$A$433,K$7,Desconto_Cliente_Mes!$B$2:$B$433,$A7,Desconto_Cliente_Mes!$C$2:$C$433,"Proteina")))-(SUMIFS(Desconto_Cliente_Mes!$Q$2:$Q$433,Desconto_Cliente_Mes!$A$2:$A$433,K$7,Desconto_Cliente_Mes!$B$2:$B$433,$A7,Desconto_Cliente_Mes!$C$2:$C$433,"Proteina")))*(SUMIFS(Desconto_Cliente_Mes!$T$2:$T$433,Desconto_Cliente_Mes!$A$2:$A$433,K$7,Desconto_Cliente_Mes!$B$2:$B$433,$A7,Desconto_Cliente_Mes!$C$2:$C$433,"Proteina")) -> 0 | L14: =$L$9*($L$11/100)*((IF(SUMIFS(Desconto_Cliente_Mes!$R$2:$R$433,Desconto_Cliente_Mes!$A$2:$A$433,L$7,Desconto_Cliente_Mes!$B$2:$B$433,$A7,Desconto_Cliente_Mes!$C$2:$C$433,"Proteina")="",SUMIFS(Desconto_Cliente_Mes!$Q$2:$Q$433,Desconto_Cliente_Mes!$A$2:$A$433,L$7,Desconto_Cliente_Mes!$B$2:$B$433,$A7,Desconto_Cliente_Mes!$C$2:$C$433,"Proteina"),SUMIFS(Desconto_Cliente_Mes!$R$2:$R$433,Desconto_Cliente_Mes!$A$2:$A$433,L$7,Desconto_Cliente_Mes!$B$2:$B$433,$A7,Desconto_Cliente_Mes!$C$2:$C$433,"Proteina")))-(SUMIFS(Desconto_Cliente_Mes!$Q$2:$Q$433,Desconto_Cliente_Mes!$A$2:$A$433,L$7,Desconto_Cliente_Mes!$B$2:$B$433,$A7,Desconto_Cliente_Mes!$C$2:$C$433,"Proteina")))*(SUMIFS(Desconto_Cliente_Mes!$T$2:$T$433,Desconto_Cliente_Mes!$A$2:$A$433,L$7,Desconto_Cliente_Mes!$B$2:$B$433,$A7,Desconto_Cliente_Mes!$C$2:$C$433,"Proteina")) -> 0 | M14: =$M$9*($M$11/100)*((IF(SUMIFS(Desconto_Cliente_Mes!$R$2:$R$433,Desconto_Cliente_Mes!$A$2:$A$433,M$7,Desconto_Cliente_Mes!$B$2:$B$433,$A7,Desconto_Cliente_Mes!$C$2:$C$433,"Proteina")="",SUMIFS(Desconto_Cliente_Mes!$Q$2:$Q$433,Desconto_Cliente_Mes!$A$2:$A$433,M$7,Desconto_Cliente_Mes!$B$2:$B$433,$A7,Desconto_Cliente_Mes!$C$2:$C$433,"Proteina"),SUMIFS(Desconto_Cliente_Mes!$R$2:$R$433,Desconto_Cliente_Mes!$A$2:$A$433,M$7,Desconto_Cliente_Mes!$B$2:$B$433,$A7,Desconto_Cliente_Mes!$C$2:$C$433,"Proteina")))-(SUMIFS(Desconto_Cliente_Mes!$Q$2:$Q$433,Desconto_Cliente_Mes!$A$2:$A$433,M$7,Desconto_Cliente_Mes!$B$2:$B$433,$A7,Desconto_Cliente_Mes!$C$2:$C$433,"Proteina")))*(SUMIFS(Desconto_Cliente_Mes!$T$2:$T$433,Desconto_Cliente_Mes!$A$2:$A$433,M$7,Desconto_Cliente_Mes!$B$2:$B$433,$A7,Desconto_Cliente_Mes!$C$2:$C$433,"Proteina")) -> 0 | N14: =SUM(B14:M14) -> 0
A15: Cobranca 2:1 - USD | B15: =$B$9*($B$12/100)*((IF(SUMIFS(Desconto_Cliente_Mes!$S$2:$S$433,Desconto_Cliente_Mes!$A$2:$A$433,B$7,Desconto_Cliente_Mes!$B$2:$B$433,$A7,Desconto_Cliente_Mes!$C$2:$C$433,"Proteina")="",(IF(SUMIFS(Desconto_Cliente_Mes!$R$2:$R$433,Desconto_Cliente_Mes!$A$2:$A$433,B$7,Desconto_Cliente_Mes!$B$2:$B$433,$A7,Desconto_Cliente_Mes!$C$2:$C$433,"Proteina")="",SUMIFS(Desconto_Cliente_Mes!$Q$2:$Q$433,Desconto_Cliente_Mes!$A$2:$A$433,B$7,Desconto_Cliente_Mes!$B$2:$B$433,$A7,Desconto_Cliente_Mes!$C$2:$C$433,"Proteina"),SUMIFS(Desconto_Cliente_Mes!$R$2:$R$433,Desconto_Cliente_Mes!$A$2:$A$433,B$7,Desconto_Cliente_Mes!$B$2:$B$433,$A7,Desconto_Cliente_Mes!$C$2:$C$433,"Proteina"))),SUMIFS(Desconto_Cliente_Mes!$S$2:$S$433,Desconto_Cliente_Mes!$A$2:$A$433,B$7,Desconto_Cliente_Mes!$B$2:$B$433,$A7,Desconto_Cliente_Mes!$C$2:$C$433,"Proteina")))-(IF(SUMIFS(Desconto_Cliente_Mes!$R$2:$R$433,Desconto_Cliente_Mes!$A$2:$A$433,B$7,Desconto_Cliente_Mes!$B$2:$B$433,$A7,Desconto_Cliente_Mes!$C$2:$C$433,"Proteina")="",SUMIFS(Desconto_Cliente_Mes!$Q$2:$Q$433,Desconto_Cliente_Mes!$A$2:$A$433,B$7,Desconto_Cliente_Mes!$B$2:$B$433,$A7,Desconto_Cliente_Mes!$C$2:$C$433,"Proteina"),SUMIFS(Desconto_Cliente_Mes!$R$2:$R$433,Desconto_Cliente_Mes!$A$2:$A$433,B$7,Desconto_Cliente_Mes!$B$2:$B$433,$A7,Desconto_Cliente_Mes!$C$2:$C$433,"Proteina"))))*(SUMIFS(Desconto_Cliente_Mes!$T$2:$T$433,Desconto_Cliente_Mes!$A$2:$A$433,B$7,Desconto_Cliente_Mes!$B$2:$B$433,$A7,Desconto_Cliente_Mes!$C$2:$C$433,"Proteina")) -> 0 | C15: =$C$9*($C$12/100)*((IF(SUMIFS(Desconto_Cliente_Mes!$S$2:$S$433,Desconto_Cliente_Mes!$A$2:$A$433,C$7,Desconto_Cliente_Mes!$B$2:$B$433,$A7,Desconto_Cliente_Mes!$C$2:$C$433,"Proteina")="",(IF(SUMIFS(Desconto_Cliente_Mes!$R$2:$R$433,Desconto_Cliente_Mes!$A$2:$A$433,C$7,Desconto_Cliente_Mes!$B$2:$B$433,$A7,Desconto_Cliente_Mes!$C$2:$C$433,"Proteina")="",SUMIFS(Desconto_Cliente_Mes!$Q$2:$Q$433,Desconto_Cliente_Mes!$A$2:$A$433,C$7,Desconto_Cliente_Mes!$B$2:$B$433,$A7,Desconto_Cliente_Mes!$C$2:$C$433,"Proteina"),SUMIFS(Desconto_Cliente_Mes!$R$2:$R$433,Desconto_Cliente_Mes!$A$2:$A$433,C$7,Desconto_Cliente_Mes!$B$2:$B$433,$A7,Desconto_Cliente_Mes!$C$2:$C$433,"Proteina"))),SUMIFS(Desconto_Cliente_Mes!$S$2:$S$433,Desconto_Cliente_Mes!$A$2:$A$433,C$7,Desconto_Cliente_Mes!$B$2:$B$433,$A7,Desconto_Cliente_Mes!$C$2:$C$433,"Proteina")))-(IF(SUMIFS(Desconto_Cliente_Mes!$R$2:$R$433,Desconto_Cliente_Mes!$A$2:$A$433,C$7,Desconto_Cliente_Mes!$B$2:$B$433,$A7,Desconto_Cliente_Mes!$C$2:$C$433,"Proteina")="",SUMIFS(Desconto_Cliente_Mes!$Q$2:$Q$433,Desconto_Cliente_Mes!$A$2:$A$433,C$7,Desconto_Cliente_Mes!$B$2:$B$433,$A7,Desconto_Cliente_Mes!$C$2:$C$433,"Proteina"),SUMIFS(Desconto_Cliente_Mes!$R$2:$R$433,Desconto_Cliente_Mes!$A$2:$A$433,C$7,Desconto_Cliente_Mes!$B$2:$B$433,$A7,Desconto_Cliente_Mes!$C$2:$C$433,"Proteina"))))*(SUMIFS(Desconto_Cliente_Mes!$T$2:$T$433,Desconto_Cliente_Mes!$A$2:$A$433,C$7,Desconto_Cliente_Mes!$B$2:$B$433,$A7,Desconto_Cliente_Mes!$C$2:$C$433,"Proteina")) -> 0 | D15: =$D$9*($D$12/100)*((IF(SUMIFS(Desconto_Cliente_Mes!$S$2:$S$433,Desconto_Cliente_Mes!$A$2:$A$433,D$7,Desconto_Cliente_Mes!$B$2:$B$433,$A7,Desconto_Cliente_Mes!$C$2:$C$433,"Proteina")="",(IF(SUMIFS(Desconto_Cliente_Mes!$R$2:$R$433,Desconto_Cliente_Mes!$A$2:$A$433,D$7,Desconto_Cliente_Mes!$B$2:$B$433,$A7,Desconto_Cliente_Mes!$C$2:$C$433,"Proteina")="",SUMIFS(Desconto_Cliente_Mes!$Q$2:$Q$433,Desconto_Cliente_Mes!$A$2:$A$433,D$7,Desconto_Cliente_Mes!$B$2:$B$433,$A7,Desconto_Cliente_Mes!$C$2:$C$433,"Proteina"),SUMIFS(Desconto_Cliente_Mes!$R$2:$R$433,Desconto_Cliente_Mes!$A$2:$A$433,D$7,Desconto_Cliente_Mes!$B$2:$B$433,$A7,Desconto_Cliente_Mes!$C$2:$C$433,"Proteina"))),SUMIFS(Desconto_Cliente_Mes!$S$2:$S$433,Desconto_Cliente_Mes!$A$2:$A$433,D$7,Desconto_Cliente_Mes!$B$2:$B$433,$A7,Desconto_Cliente_Mes!$C$2:$C$433,"Proteina")))-(IF(SUMIFS(Desconto_Cliente_Mes!$R$2:$R$433,Desconto_Cliente_Mes!$A$2:$A$433,D$7,Desconto_Cliente_Mes!$B$2:$B$433,$A7,Desconto_Cliente_Mes!$C$2:$C$433,"Proteina")="",SUMIFS(Desconto_Cliente_Mes!$Q$2:$Q$433,Desconto_Cliente_Mes!$A$2:$A$433,D$7,Desconto_Cliente_Mes!$B$2:$B$433,$A7,Desconto_Cliente_Mes!$C$2:$C$433,"Proteina"),SUMIFS(Desconto_Cliente_Mes!$R$2:$R$433,Desconto_Cliente_Mes!$A$2:$A$433,D$7,Desconto_Cliente_Mes!$B$2:$B$433,$A7,Desconto_Cliente_Mes!$C$2:$C$433,"Proteina"))))*(SUMIFS(Desconto_Cliente_Mes!$T$2:$T$433,Desconto_Cliente_Mes!$A$2:$A$433,D$7,Desconto_Cliente_Mes!$B$2:$B$433,$A7,Desconto_Cliente_Mes!$C$2:$C$433,"Proteina")) -> 0 | E15: =$E$9*($E$12/100)*((IF(SUMIFS(Desconto_Cliente_Mes!$S$2:$S$433,Desconto_Cliente_Mes!$A$2:$A$433,E$7,Desconto_Cliente_Mes!$B$2:$B$433,$A7,Desconto_Cliente_Mes!$C$2:$C$433,"Proteina")="",(IF(SUMIFS(Desconto_Cliente_Mes!$R$2:$R$433,Desconto_Cliente_Mes!$A$2:$A$433,E$7,Desconto_Cliente_Mes!$B$2:$B$433,$A7,Desconto_Cliente_Mes!$C$2:$C$433,"Proteina")="",SUMIFS(Desconto_Cliente_Mes!$Q$2:$Q$433,Desconto_Cliente_Mes!$A$2:$A$433,E$7,Desconto_Cliente_Mes!$B$2:$B$433,$A7,Desconto_Cliente_Mes!$C$2:$C$433,"Proteina"),SUMIFS(Desconto_Cliente_Mes!$R$2:$R$433,Desconto_Cliente_Mes!$A$2:$A$433,E$7,Desconto_Cliente_Mes!$B$2:$B$433,$A7,Desconto_Cliente_Mes!$C$2:$C$433,"Proteina"))),SUMIFS(Desconto_Cliente_Mes!$S$2:$S$433,Desconto_Cliente_Mes!$A$2:$A$433,E$7,Desconto_Cliente_Mes!$B$2:$B$433,$A7,Desconto_Cliente_Mes!$C$2:$C$433,"Proteina")))-(IF(SUMIFS(Desconto_Cliente_Mes!$R$2:$R$433,Desconto_Cliente_Mes!$A$2:$A$433,E$7,Desconto_Cliente_Mes!$B$2:$B$433,$A7,Desconto_Cliente_Mes!$C$2:$C$433,"Proteina")="",SUMIFS(Desconto_Cliente_Mes!$Q$2:$Q$433,Desconto_Cliente_Mes!$A$2:$A$433,E$7,Desconto_Cliente_Mes!$B$2:$B$433,$A7,Desconto_Cliente_Mes!$C$2:$C$433,"Proteina"),SUMIFS(Desconto_Cliente_Mes!$R$2:$R$433,Desconto_Cliente_Mes!$A$2:$A$433,E$7,Desconto_Cliente_Mes!$B$2:$B$433,$A7,Desconto_Cliente_Mes!$C$2:$C$433,"Proteina"))))*(SUMIFS(Desconto_Cliente_Mes!$T$2:$T$433,Desconto_Cliente_Mes!$A$2:$A$433,E$7,Desconto_Cliente_Mes!$B$2:$B$433,$A7,Desconto_Cliente_Mes!$C$2:$C$433,"Proteina")) -> 0 | F15: =$F$9*($F$12/100)*((IF(SUMIFS(Desconto_Cliente_Mes!$S$2:$S$433,Desconto_Cliente_Mes!$A$2:$A$433,F$7,Desconto_Cliente_Mes!$B$2:$B$433,$A7,Desconto_Cliente_Mes!$C$2:$C$433,"Proteina")="",(IF(SUMIFS(Desconto_Cliente_Mes!$R$2:$R$433,Desconto_Cliente_Mes!$A$2:$A$433,F$7,Desconto_Cliente_Mes!$B$2:$B$433,$A7,Desconto_Cliente_Mes!$C$2:$C$433,"Proteina")="",SUMIFS(Desconto_Cliente_Mes!$Q$2:$Q$433,Desconto_Cliente_Mes!$A$2:$A$433,F$7,Desconto_Cliente_Mes!$B$2:$B$433,$A7,Desconto_Cliente_Mes!$C$2:$C$433,"Proteina"),SUMIFS(Desconto_Cliente_Mes!$R$2:$R$433,Desconto_Cliente_Mes!$A$2:$A$433,F$7,Desconto_Cliente_Mes!$B$2:$B$433,$A7,Desconto_Cliente_Mes!$C$2:$C$433,"Proteina"))),SUMIFS(Desconto_Cliente_Mes!$S$2:$S$433,Desconto_Cliente_Mes!$A$2:$A$433,F$7,Desconto_Cliente_Mes!$B$2:$B$433,$A7,Desconto_Cliente_Mes!$C$2:$C$433,"Proteina")))-(IF(SUMIFS(Desconto_Cliente_Mes!$R$2:$R$433,Desconto_Cliente_Mes!$A$2:$A$433,F$7,Desconto_Cliente_Mes!$B$2:$B$433,$A7,Desconto_Cliente_Mes!$C$2:$C$433,"Proteina")="",SUMIFS(Desconto_Cliente_Mes!$Q$2:$Q$433,Desconto_Cliente_Mes!$A$2:$A$433,F$7,Desconto_Cliente_Mes!$B$2:$B$433,$A7,Desconto_Cliente_Mes!$C$2:$C$433,"Proteina"),SUMIFS(Desconto_Cliente_Mes!$R$2:$R$433,Desconto_Cliente_Mes!$A$2:$A$433,F$7,Desconto_Cliente_Mes!$B$2:$B$433,$A7,Desconto_Cliente_Mes!$C$2:$C$433,"Proteina"))))*(SUMIFS(Desconto_Cliente_Mes!$T$2:$T$433,Desconto_Cliente_Mes!$A$2:$A$433,F$7,Desconto_Cliente_Mes!$B$2:$B$433,$A7,Desconto_Cliente_Mes!$C$2:$C$433,"Proteina")) -> 0 | G15: =$G$9*($G$12/100)*((IF(SUMIFS(Desconto_Cliente_Mes!$S$2:$S$433,Desconto_Cliente_Mes!$A$2:$A$433,G$7,Desconto_Cliente_Mes!$B$2:$B$433,$A7,Desconto_Cliente_Mes!$C$2:$C$433,"Proteina")="",(IF(SUMIFS(Desconto_Cliente_Mes!$R$2:$R$433,Desconto_Cliente_Mes!$A$2:$A$433,G$7,Desconto_Cliente_Mes!$B$2:$B$433,$A7,Desconto_Cliente_Mes!$C$2:$C$433,"Proteina")="",SUMIFS(Desconto_Cliente_Mes!$Q$2:$Q$433,Desconto_Cliente_Mes!$A$2:$A$433,G$7,Desconto_Cliente_Mes!$B$2:$B$433,$A7,Desconto_Cliente_Mes!$C$2:$C$433,"Proteina"),SUMIFS(Desconto_Cliente_Mes!$R$2:$R$433,Desconto_Cliente_Mes!$A$2:$A$433,G$7,Desconto_Cliente_Mes!$B$2:$B$433,$A7,Desconto_Cliente_Mes!$C$2:$C$433,"Proteina"))),SUMIFS(Desconto_Cliente_Mes!$S$2:$S$433,Desconto_Cliente_Mes!$A$2:$A$433,G$7,Desconto_Cliente_Mes!$B$2:$B$433,$A7,Desconto_Cliente_Mes!$C$2:$C$433,"Proteina")))-(IF(SUMIFS(Desconto_Cliente_Mes!$R$2:$R$433,Desconto_Cliente_Mes!$A$2:$A$433,G$7,Desconto_Cliente_Mes!$B$2:$B$433,$A7,Desconto_Cliente_Mes!$C$2:$C$433,"Proteina")="",SUMIFS(Desconto_Cliente_Mes!$Q$2:$Q$433,Desconto_Cliente_Mes!$A$2:$A$433,G$7,Desconto_Cliente_Mes!$B$2:$B$433,$A7,Desconto_Cliente_Mes!$C$2:$C$433,"Proteina"),SUMIFS(Desconto_Cliente_Mes!$R$2:$R$433,Desconto_Cliente_Mes!$A$2:$A$433,G$7,Desconto_Cliente_Mes!$B$2:$B$433,$A7,Desconto_Cliente_Mes!$C$2:$C$433,"Proteina"))))*(SUMIFS(Desconto_Cliente_Mes!$T$2:$T$433,Desconto_Cliente_Mes!$A$2:$A$433,G$7,Desconto_Cliente_Mes!$B$2:$B$433,$A7,Desconto_Cliente_Mes!$C$2:$C$433,"Proteina")) -> 0 | H15: =$H$9*($H$12/100)*((IF(SUMIFS(Desconto_Cliente_Mes!$S$2:$S$433,Desconto_Cliente_Mes!$A$2:$A$433,H$7,Desconto_Cliente_Mes!$B$2:$B$433,$A7,Desconto_Cliente_Mes!$C$2:$C$433,"Proteina")="",(IF(SUMIFS(Desconto_Cliente_Mes!$R$2:$R$433,Desconto_Cliente_Mes!$A$2:$A$433,H$7,Desconto_Cliente_Mes!$B$2:$B$433,$A7,Desconto_Cliente_Mes!$C$2:$C$433,"Proteina")="",SUMIFS(Desconto_Cliente_Mes!$Q$2:$Q$433,Desconto_Cliente_Mes!$A$2:$A$433,H$7,Desconto_Cliente_Mes!$B$2:$B$433,$A7,Desconto_Cliente_Mes!$C$2:$C$433,"Proteina"),SUMIFS(Desconto_Cliente_Mes!$R$2:$R$433,Desconto_Cliente_Mes!$A$2:$A$433,H$7,Desconto_Cliente_Mes!$B$2:$B$433,$A7,Desconto_Cliente_Mes!$C$2:$C$433,"Proteina"))),SUMIFS(Desconto_Cliente_Mes!$S$2:$S$433,Desconto_Cliente_Mes!$A$2:$A$433,H$7,Desconto_Cliente_Mes!$B$2:$B$433,$A7,Desconto_Cliente_Mes!$C$2:$C$433,"Proteina")))-(IF(SUMIFS(Desconto_Cliente_Mes!$R$2:$R$433,Desconto_Cliente_Mes!$A$2:$A$433,H$7,Desconto_Cliente_Mes!$B$2:$B$433,$A7,Desconto_Cliente_Mes!$C$2:$C$433,"Proteina")="",SUMIFS(Desconto_Cliente_Mes!$Q$2:$Q$433,Desconto_Cliente_Mes!$A$2:$A$433,H$7,Desconto_Cliente_Mes!$B$2:$B$433,$A7,Desconto_Cliente_Mes!$C$2:$C$433,"Proteina"),SUMIFS(Desconto_Cliente_Mes!$R$2:$R$433,Desconto_Cliente_Mes!$A$2:$A$433,H$7,Desconto_Cliente_Mes!$B$2:$B$433,$A7,Desconto_Cliente_Mes!$C$2:$C$433,"Proteina"))))*(SUMIFS(Desconto_Cliente_Mes!$T$2:$T$433,Desconto_Cliente_Mes!$A$2:$A$433,H$7,Desconto_Cliente_Mes!$B$2:$B$433,$A7,Desconto_Cliente_Mes!$C$2:$C$433,"Proteina")) -> 0 | I15: =$I$9*($I$12/100)*((IF(SUMIFS(Desconto_Cliente_Mes!$S$2:$S$433,Desconto_Cliente_Mes!$A$2:$A$433,I$7,Desconto_Cliente_Mes!$B$2:$B$433,$A7,Desconto_Cliente_Mes!$C$2:$C$433,"Proteina")="",(IF(SUMIFS(Desconto_Cliente_Mes!$R$2:$R$433,Desconto_Cliente_Mes!$A$2:$A$433,I$7,Desconto_Cliente_Mes!$B$2:$B$433,$A7,Desconto_Cliente_Mes!$C$2:$C$433,"Proteina")="",SUMIFS(Desconto_Cliente_Mes!$Q$2:$Q$433,Desconto_Cliente_Mes!$A$2:$A$433,I$7,Desconto_Cliente_Mes!$B$2:$B$433,$A7,Desconto_Cliente_Mes!$C$2:$C$433,"Proteina"),SUMIFS(Desconto_Cliente_Mes!$R$2:$R$433,Desconto_Cliente_Mes!$A$2:$A$433,I$7,Desconto_Cliente_Mes!$B$2:$B$433,$A7,Desconto_Cliente_Mes!$C$2:$C$433,"Proteina"))),SUMIFS(Desconto_Cliente_Mes!$S$2:$S$433,Desconto_Cliente_Mes!$A$2:$A$433,I$7,Desconto_Cliente_Mes!$B$2:$B$433,$A7,Desconto_Cliente_Mes!$C$2:$C$433,"Proteina")))-(IF(SUMIFS(Desconto_Cliente_Mes!$R$2:$R$433,Desconto_Cliente_Mes!$A$2:$A$433,I$7,Desconto_Cliente_Mes!$B$2:$B$433,$A7,Desconto_Cliente_Mes!$C$2:$C$433,"Proteina")="",SUMIFS(Desconto_Cliente_Mes!$Q$2:$Q$433,Desconto_Cliente_Mes!$A$2:$A$433,I$7,Desconto_Cliente_Mes!$B$2:$B$433,$A7,Desconto_Cliente_Mes!$C$2:$C$433,"Proteina"),SUMIFS(Desconto_Cliente_Mes!$R$2:$R$433,Desconto_Cliente_Mes!$A$2:$A$433,I$7,Desconto_Cliente_Mes!$B$2:$B$433,$A7,Desconto_Cliente_Mes!$C$2:$C$433,"Proteina"))))*(SUMIFS(Desconto_Cliente_Mes!$T$2:$T$433,Desconto_Cliente_Mes!$A$2:$A$433,I$7,Desconto_Cliente_Mes!$B$2:$B$433,$A7,Desconto_Cliente_Mes!$C$2:$C$433,"Proteina")) -> 0 | J15: =$J$9*($J$12/100)*((IF(SUMIFS(Desconto_Cliente_Mes!$S$2:$S$433,Desconto_Cliente_Mes!$A$2:$A$433,J$7,Desconto_Cliente_Mes!$B$2:$B$433,$A7,Desconto_Cliente_Mes!$C$2:$C$433,"Proteina")="",(IF(SUMIFS(Desconto_Cliente_Mes!$R$2:$R$433,Desconto_Cliente_Mes!$A$2:$A$433,J$7,Desconto_Cliente_Mes!$B$2:$B$433,$A7,Desconto_Cliente_Mes!$C$2:$C$433,"Proteina")="",SUMIFS(Desconto_Cliente_Mes!$Q$2:$Q$433,Desconto_Cliente_Mes!$A$2:$A$433,J$7,Desconto_Cliente_Mes!$B$2:$B$433,$A7,Desconto_Cliente_Mes!$C$2:$C$433,"Proteina"),SUMIFS(Desconto_Cliente_Mes!$R$2:$R$433,Desconto_Cliente_Mes!$A$2:$A$433,J$7,Desconto_Cliente_Mes!$B$2:$B$433,$A7,Desconto_Cliente_Mes!$C$2:$C$433,"Proteina"))),SUMIFS(Desconto_Cliente_Mes!$S$2:$S$433,Desconto_Cliente_Mes!$A$2:$A$433,J$7,Desconto_Cliente_Mes!$B$2:$B$433,$A7,Desconto_Cliente_Mes!$C$2:$C$433,"Proteina")))-(IF(SUMIFS(Desconto_Cliente_Mes!$R$2:$R$433,Desconto_Cliente_Mes!$A$2:$A$433,J$7,Desconto_Cliente_Mes!$B$2:$B$433,$A7,Desconto_Cliente_Mes!$C$2:$C$433,"Proteina")="",SUMIFS(Desconto_Cliente_Mes!$Q$2:$Q$433,Desconto_Cliente_Mes!$A$2:$A$433,J$7,Desconto_Cliente_Mes!$B$2:$B$433,$A7,Desconto_Cliente_Mes!$C$2:$C$433,"Proteina"),SUMIFS(Desconto_Cliente_Mes!$R$2:$R$433,Desconto_Cliente_Mes!$A$2:$A$433,J$7,Desconto_Cliente_Mes!$B$2:$B$433,$A7,Desconto_Cliente_Mes!$C$2:$C$433,"Proteina"))))*(SUMIFS(Desconto_Cliente_Mes!$T$2:$T$433,Desconto_Cliente_Mes!$A$2:$A$433,J$7,Desconto_Cliente_Mes!$B$2:$B$433,$A7,Desconto_Cliente_Mes!$C$2:$C$433,"Proteina")) -> 0 | K15: =$K$9*($K$12/100)*((IF(SUMIFS(Desconto_Cliente_Mes!$S$2:$S$433,Desconto_Cliente_Mes!$A$2:$A$433,K$7,Desconto_Cliente_Mes!$B$2:$B$433,$A7,Desconto_Cliente_Mes!$C$2:$C$433,"Proteina")="",(IF(SUMIFS(Desconto_Cliente_Mes!$R$2:$R$433,Desconto_Cliente_Mes!$A$2:$A$433,K$7,Desconto_Cliente_Mes!$B$2:$B$433,$A7,Desconto_Cliente_Mes!$C$2:$C$433,"Proteina")="",SUMIFS(Desconto_Cliente_Mes!$Q$2:$Q$433,Desconto_Cliente_Mes!$A$2:$A$433,K$7,Desconto_Cliente_Mes!$B$2:$B$433,$A7,Desconto_Cliente_Mes!$C$2:$C$433,"Proteina"),SUMIFS(Desconto_Cliente_Mes!$R$2:$R$433,Desconto_Cliente_Mes!$A$2:$A$433,K$7,Desconto_Cliente_Mes!$B$2:$B$433,$A7,Desconto_Cliente_Mes!$C$2:$C$433,"Proteina"))),SUMIFS(Desconto_Cliente_Mes!$S$2:$S$433,Desconto_Cliente_Mes!$A$2:$A$433,K$7,Desconto_Cliente_Mes!$B$2:$B$433,$A7,Desconto_Cliente_Mes!$C$2:$C$433,"Proteina")))-(IF(SUMIFS(Desconto_Cliente_Mes!$R$2:$R$433,Desconto_Cliente_Mes!$A$2:$A$433,K$7,Desconto_Cliente_Mes!$B$2:$B$433,$A7,Desconto_Cliente_Mes!$C$2:$C$433,"Proteina")="",SUMIFS(Desconto_Cliente_Mes!$Q$2:$Q$433,Desconto_Cliente_Mes!$A$2:$A$433,K$7,Desconto_Cliente_Mes!$B$2:$B$433,$A7,Desconto_Cliente_Mes!$C$2:$C$433,"Proteina"),SUMIFS(Desconto_Cliente_Mes!$R$2:$R$433,Desconto_Cliente_Mes!$A$2:$A$433,K$7,Desconto_Cliente_Mes!$B$2:$B$433,$A7,Desconto_Cliente_Mes!$C$2:$C$433,"Proteina"))))*(SUMIFS(Desconto_Cliente_Mes!$T$2:$T$433,Desconto_Cliente_Mes!$A$2:$A$433,K$7,Desconto_Cliente_Mes!$B$2:$B$433,$A7,Desconto_Cliente_Mes!$C$2:$C$433,"Proteina")) -> 0 | L15: =$L$9*($L$12/100)*((IF(SUMIFS(Desconto_Cliente_Mes!$S$2:$S$433,Desconto_Cliente_Mes!$A$2:$A$433,L$7,Desconto_Cliente_Mes!$B$2:$B$433,$A7,Desconto_Cliente_Mes!$C$2:$C$433,"Proteina")="",(IF(SUMIFS(Desconto_Cliente_Mes!$R$2:$R$433,Desconto_Cliente_Mes!$A$2:$A$433,L$7,Desconto_Cliente_Mes!$B$2:$B$433,$A7,Desconto_Cliente_Mes!$C$2:$C$433,"Proteina")="",SUMIFS(Desconto_Cliente_Mes!$Q$2:$Q$433,Desconto_Cliente_Mes!$A$2:$A$433,L$7,Desconto_Cliente_Mes!$B$2:$B$433,$A7,Desconto_Cliente_Mes!$C$2:$C$433,"Proteina"),SUMIFS(Desconto_Cliente_Mes!$R$2:$R$433,Desconto_Cliente_Mes!$A$2:$A$433,L$7,Desconto_Cliente_Mes!$B$2:$B$433,$A7,Desconto_Cliente_Mes!$C$2:$C$433,"Proteina"))),SUMIFS(Desconto_Cliente_Mes!$S$2:$S$433,Desconto_Cliente_Mes!$A$2:$A$433,L$7,Desconto_Cliente_Mes!$B$2:$B$433,$A7,Desconto_Cliente_Mes!$C$2:$C$433,"Proteina")))-(IF(SUMIFS(Desconto_Cliente_Mes!$R$2:$R$433,Desconto_Cliente_Mes!$A$2:$A$433,L$7,Desconto_Cliente_Mes!$B$2:$B$433,$A7,Desconto_Cliente_Mes!$C$2:$C$433,"Proteina")="",SUMIFS(Desconto_Cliente_Mes!$Q$2:$Q$433,Desconto_Cliente_Mes!$A$2:$A$433,L$7,Desconto_Cliente_Mes!$B$2:$B$433,$A7,Desconto_Cliente_Mes!$C$2:$C$433,"Proteina"),SUMIFS(Desconto_Cliente_Mes!$R$2:$R$433,Desconto_Cliente_Mes!$A$2:$A$433,L$7,Desconto_Cliente_Mes!$B$2:$B$433,$A7,Desconto_Cliente_Mes!$C$2:$C$433,"Proteina"))))*(SUMIFS(Desconto_Cliente_Mes!$T$2:$T$433,Desconto_Cliente_Mes!$A$2:$A$433,L$7,Desconto_Cliente_Mes!$B$2:$B$433,$A7,Desconto_Cliente_Mes!$C$2:$C$433,"Proteina")) -> 0 | M15: =$M$9*($M$12/100)*((IF(SUMIFS(Desconto_Cliente_Mes!$S$2:$S$433,Desconto_Cliente_Mes!$A$2:$A$433,M$7,Desconto_Cliente_Mes!$B$2:$B$433,$A7,Desconto_Cliente_Mes!$C$2:$C$433,"Proteina")="",(IF(SUMIFS(Desconto_Cliente_Mes!$R$2:$R$433,Desconto_Cliente_Mes!$A$2:$A$433,M$7,Desconto_Cliente_Mes!$B$2:$B$433,$A7,Desconto_Cliente_Mes!$C$2:$C$433,"Proteina")="",SUMIFS(Desconto_Cliente_Mes!$Q$2:$Q$433,Desconto_Cliente_Mes!$A$2:$A$433,M$7,Desconto_Cliente_Mes!$B$2:$B$433,$A7,Desconto_Cliente_Mes!$C$2:$C$433,"Proteina"),SUMIFS(Desconto_Cliente_Mes!$R$2:$R$433,Desconto_Cliente_Mes!$A$2:$A$433,M$7,Desconto_Cliente_Mes!$B$2:$B$433,$A7,Desconto_Cliente_Mes!$C$2:$C$433,"Proteina"))),SUMIFS(Desconto_Cliente_Mes!$S$2:$S$433,Desconto_Cliente_Mes!$A$2:$A$433,M$7,Desconto_Cliente_Mes!$B$2:$B$433,$A7,Desconto_Cliente_Mes!$C$2:$C$433,"Proteina")))-(IF(SUMIFS(Desconto_Cliente_Mes!$R$2:$R$433,Desconto_Cliente_Mes!$A$2:$A$433,M$7,Desconto_Cliente_Mes!$B$2:$B$433,$A7,Desconto_Cliente_Mes!$C$2:$C$433,"Proteina")="",SUMIFS(Desconto_Cliente_Mes!$Q$2:$Q$433,Desconto_Cliente_Mes!$A$2:$A$433,M$7,Desconto_Cliente_Mes!$B$2:$B$433,$A7,Desconto_Cliente_Mes!$C$2:$C$433,"Proteina"),SUMIFS(Desconto_Cliente_Mes!$R$2:$R$433,Desconto_Cliente_Mes!$A$2:$A$433,M$7,Desconto_Cliente_Mes!$B$2:$B$433,$A7,Desconto_Cliente_Mes!$C$2:$C$433,"Proteina"))))*(SUMIFS(Desconto_Cliente_Mes!$T$2:$T$433,Desconto_Cliente_Mes!$A$2:$A$433,M$7,Desconto_Cliente_Mes!$B$2:$B$433,$A7,Desconto_Cliente_Mes!$C$2:$C$433,"Proteina")) -> 0 | N15: =SUM(B15:M15) -> 0
A16: Credito - USD | B16: =SUMIFS(Acerto_Detalhado!$J$2:$J$433,Acerto_Detalhado!$A$2:$A$433,B$7,Acerto_Detalhado!$B$2:$B$433,$A7,Acerto_Detalhado!$C$2:$C$433,"Proteina") -> 0 | C16: =SUMIFS(Acerto_Detalhado!$J$2:$J$433,Acerto_Detalhado!$A$2:$A$433,C$7,Acerto_Detalhado!$B$2:$B$433,$A7,Acerto_Detalhado!$C$2:$C$433,"Proteina") -> 61985.883 | D16: =SUMIFS(Acerto_Detalhado!$J$2:$J$433,Acerto_Detalhado!$A$2:$A$433,D$7,Acerto_Detalhado!$B$2:$B$433,$A7,Acerto_Detalhado!$C$2:$C$433,"Proteina") -> 29391.184 | E16: =SUMIFS(Acerto_Detalhado!$J$2:$J$433,Acerto_Detalhado!$A$2:$A$433,E$7,Acerto_Detalhado!$B$2:$B$433,$A7,Acerto_Detalhado!$C$2:$C$433,"Proteina") -> 0 | F16: =SUMIFS(Acerto_Detalhado!$J$2:$J$433,Acerto_Detalhado!$A$2:$A$433,F$7,Acerto_Detalhado!$B$2:$B$433,$A7,Acerto_Detalhado!$C$2:$C$433,"Proteina") -> 0 | G16: =SUMIFS(Acerto_Detalhado!$J$2:$J$433,Acerto_Detalhado!$A$2:$A$433,G$7,Acerto_Detalhado!$B$2:$B$433,$A7,Acerto_Detalhado!$C$2:$C$433,"Proteina") -> 0 | H16: =SUMIFS(Acerto_Detalhado!$J$2:$J$433,Acerto_Detalhado!$A$2:$A$433,H$7,Acerto_Detalhado!$B$2:$B$433,$A7,Acerto_Detalhado!$C$2:$C$433,"Proteina") -> 0 | I16: =SUMIFS(Acerto_Detalhado!$J$2:$J$433,Acerto_Detalhado!$A$2:$A$433,I$7,Acerto_Detalhado!$B$2:$B$433,$A7,Acerto_Detalhado!$C$2:$C$433,"Proteina") -> 0 | ... M16: =SUMIFS(Acerto_Detalhado!$J$2:$J$433,Acerto_Detalhado!$A$2:$A$433,M$7,Acerto_Detalhado!$B$2:$B$433,$A7,Acerto_Detalhado!$C$2:$C$433,"Proteina") -> 0 | N16: =SUM(B16:M16) -> 91377.067
A18: Fev | B18: Amaggi | C18: Brejeiro | D18: Caramuru | E18: Cargill | F18: Cofco | G18: 3Tentos | H18: Bunge | I18: ADM | J18: Aliança | K18: Olfar | L18: Novo06 | M18: Novo07 | N18: Media Pool
A19: Resultado (%) | B19: =IF((SUMIFS(Desconto_Cliente_Mes!$D$2:$D$433,Desconto_Cliente_Mes!$A$2:$A$433,B$18,Desconto_Cliente_Mes!$B$2:$B$433,$A18,Desconto_Cliente_Mes!$C$2:$C$433,"Proteina"))=0,"",IFERROR(SUMIFS(Desconto_Cliente_Mes!$E$2:$E$433,Desconto_Cliente_Mes!$A$2:$A$433,B$18,Desconto_Cliente_Mes!$B$2:$B$433,$A18,Desconto_Cliente_Mes!$C$2:$C$433,"Proteina"),"")) | C19: =IF((SUMIFS(Desconto_Cliente_Mes!$D$2:$D$433,Desconto_Cliente_Mes!$A$2:$A$433,C$18,Desconto_Cliente_Mes!$B$2:$B$433,$A18,Desconto_Cliente_Mes!$C$2:$C$433,"Proteina"))=0,"",IFERROR(SUMIFS(Desconto_Cliente_Mes!$E$2:$E$433,Desconto_Cliente_Mes!$A$2:$A$433,C$18,Desconto_Cliente_Mes!$B$2:$B$433,$A18,Desconto_Cliente_Mes!$C$2:$C$433,"Proteina"),"")) -> 47.98074 | D19: =IF((SUMIFS(Desconto_Cliente_Mes!$D$2:$D$433,Desconto_Cliente_Mes!$A$2:$A$433,D$18,Desconto_Cliente_Mes!$B$2:$B$433,$A18,Desconto_Cliente_Mes!$C$2:$C$433,"Proteina"))=0,"",IFERROR(SUMIFS(Desconto_Cliente_Mes!$E$2:$E$433,Desconto_Cliente_Mes!$A$2:$A$433,D$18,Desconto_Cliente_Mes!$B$2:$B$433,$A18,Desconto_Cliente_Mes!$C$2:$C$433,"Proteina"),"")) -> 47.208667 | E19: =IF((SUMIFS(Desconto_Cliente_Mes!$D$2:$D$433,Desconto_Cliente_Mes!$A$2:$A$433,E$18,Desconto_Cliente_Mes!$B$2:$B$433,$A18,Desconto_Cliente_Mes!$C$2:$C$433,"Proteina"))=0,"",IFERROR(SUMIFS(Desconto_Cliente_Mes!$E$2:$E$433,Desconto_Cliente_Mes!$A$2:$A$433,E$18,Desconto_Cliente_Mes!$B$2:$B$433,$A18,Desconto_Cliente_Mes!$C$2:$C$433,"Proteina"),"")) -> 46.969315 | F19: =IF((SUMIFS(Desconto_Cliente_Mes!$D$2:$D$433,Desconto_Cliente_Mes!$A$2:$A$433,F$18,Desconto_Cliente_Mes!$B$2:$B$433,$A18,Desconto_Cliente_Mes!$C$2:$C$433,"Proteina"))=0,"",IFERROR(SUMIFS(Desconto_Cliente_Mes!$E$2:$E$433,Desconto_Cliente_Mes!$A$2:$A$433,F$18,Desconto_Cliente_Mes!$B$2:$B$433,$A18,Desconto_Cliente_Mes!$C$2:$C$433,"Proteina"),"")) -> 47.741003 | G19: =IF((SUMIFS(Desconto_Cliente_Mes!$D$2:$D$433,Desconto_Cliente_Mes!$A$2:$A$433,G$18,Desconto_Cliente_Mes!$B$2:$B$433,$A18,Desconto_Cliente_Mes!$C$2:$C$433,"Proteina"))=0,"",IFERROR(SUMIFS(Desconto_Cliente_Mes!$E$2:$E$433,Desconto_Cliente_Mes!$A$2:$A$433,G$18,Desconto_Cliente_Mes!$B$2:$B$433,$A18,Desconto_Cliente_Mes!$C$2:$C$433,"Proteina"),"")) -> 47.148488 | H19: =IF((SUMIFS(Desconto_Cliente_Mes!$D$2:$D$433,Desconto_Cliente_Mes!$A$2:$A$433,H$18,Desconto_Cliente_Mes!$B$2:$B$433,$A18,Desconto_Cliente_Mes!$C$2:$C$433,"Proteina"))=0,"",IFERROR(SUMIFS(Desconto_Cliente_Mes!$E$2:$E$433,Desconto_Cliente_Mes!$A$2:$A$433,H$18,Desconto_Cliente_Mes!$B$2:$B$433,$A18,Desconto_Cliente_Mes!$C$2:$C$433,"Proteina"),"")) -> 47.259671 | I19: =IF((SUMIFS(Desconto_Cliente_Mes!$D$2:$D$433,Desconto_Cliente_Mes!$A$2:$A$433,I$18,Desconto_Cliente_Mes!$B$2:$B$433,$A18,Desconto_Cliente_Mes!$C$2:$C$433,"Proteina"))=0,"",IFERROR(SUMIFS(Desconto_Cliente_Mes!$E$2:$E$433,Desconto_Cliente_Mes!$A$2:$A$433,I$18,Desconto_Cliente_Mes!$B$2:$B$433,$A18,Desconto_Cliente_Mes!$C$2:$C$433,"Proteina"),"")) | ... M19: =IF((SUMIFS(Desconto_Cliente_Mes!$D$2:$D$433,Desconto_Cliente_Mes!$A$2:$A$433,M$18,Desconto_Cliente_Mes!$B$2:$B$433,$A18,Desconto_Cliente_Mes!$C$2:$C$433,"Proteina"))=0,"",IFERROR(SUMIFS(Desconto_Cliente_Mes!$E$2:$E$433,Desconto_Cliente_Mes!$A$2:$A$433,M$18,Desconto_Cliente_Mes!$B$2:$B$433,$A18,Desconto_Cliente_Mes!$C$2:$C$433,"Proteina"),"")) | N19: =IFERROR(Media_Pool_Mes!C3,"") -> 47.340573
A20: Volume (t) | B20: =IFERROR(SUMIFS(Desconto_Cliente_Mes!$D$2:$D$433,Desconto_Cliente_Mes!$A$2:$A$433,B$18,Desconto_Cliente_Mes!$B$2:$B$433,$A18,Desconto_Cliente_Mes!$C$2:$C$433,"Proteina"),0) -> 0 | C20: =IFERROR(SUMIFS(Desconto_Cliente_Mes!$D$2:$D$433,Desconto_Cliente_Mes!$A$2:$A$433,C$18,Desconto_Cliente_Mes!$B$2:$B$433,$A18,Desconto_Cliente_Mes!$C$2:$C$433,"Proteina"),0) -> 30370.33 | D20: =IFERROR(SUMIFS(Desconto_Cliente_Mes!$D$2:$D$433,Desconto_Cliente_Mes!$A$2:$A$433,D$18,Desconto_Cliente_Mes!$B$2:$B$433,$A18,Desconto_Cliente_Mes!$C$2:$C$433,"Proteina"),0) -> 9485.48 | E20: =IFERROR(SUMIFS(Desconto_Cliente_Mes!$D$2:$D$433,Desconto_Cliente_Mes!$A$2:$A$433,E$18,Desconto_Cliente_Mes!$B$2:$B$433,$A18,Desconto_Cliente_Mes!$C$2:$C$433,"Proteina"),0) -> 62578.1 | F20: =IFERROR(SUMIFS(Desconto_Cliente_Mes!$D$2:$D$433,Desconto_Cliente_Mes!$A$2:$A$433,F$18,Desconto_Cliente_Mes!$B$2:$B$433,$A18,Desconto_Cliente_Mes!$C$2:$C$433,"Proteina"),0) -> 53224.28 | G20: =IFERROR(SUMIFS(Desconto_Cliente_Mes!$D$2:$D$433,Desconto_Cliente_Mes!$A$2:$A$433,G$18,Desconto_Cliente_Mes!$B$2:$B$433,$A18,Desconto_Cliente_Mes!$C$2:$C$433,"Proteina"),0) -> 41884.18 | H20: =IFERROR(SUMIFS(Desconto_Cliente_Mes!$D$2:$D$433,Desconto_Cliente_Mes!$A$2:$A$433,H$18,Desconto_Cliente_Mes!$B$2:$B$433,$A18,Desconto_Cliente_Mes!$C$2:$C$433,"Proteina"),0) -> 101673.63 | I20: =IFERROR(SUMIFS(Desconto_Cliente_Mes!$D$2:$D$433,Desconto_Cliente_Mes!$A$2:$A$433,I$18,Desconto_Cliente_Mes!$B$2:$B$433,$A18,Desconto_Cliente_Mes!$C$2:$C$433,"Proteina"),0) -> 0 | ... M20: =IFERROR(SUMIFS(Desconto_Cliente_Mes!$D$2:$D$433,Desconto_Cliente_Mes!$A$2:$A$433,M$18,Desconto_Cliente_Mes!$B$2:$B$433,$A18,Desconto_Cliente_Mes!$C$2:$C$433,"Proteina"),0) -> 0 | N20: =SUM(B20:M20) -> 299216
